timestamp,x,y,z
,0,0,17
2994340,0.2656128,9.667349,17.0885376
,0.24646953,9.688885,17.02632199
,0.23211208,9.624276,17.05264398
,0.2057901,9.619491,17.07657306
,0.17468229,9.432844,17.15553902
,0.17228939,9.7415285,16.94974893
,0.13878867,9.715207,16.97607092
,0.11485959,9.614705,17.1196454
2994378,0.09571633,9.60274,17.04546525
,0.05025107,9.576418,16.97846383
,0.13160995,9.7176,16.97367801
,0.1196454,9.669742,17.06460852
,0.1196454,9.595561,17.06221561
,0.12443122,9.650599,17.04067944
,0.14118157,9.667349,17.04785816
,0.14357449,9.60274,17.13639577
2994416,0.21296883,9.648206,17.07657306
,0.19143265,9.609919,17.06939434
,0.2392908,9.643419,17.06221561
,0.21775463,9.626669,17.12203831
,0.24407662,9.66017,17.07896597
,0.22732627,9.650599,17.13639577
,0.28236315,9.595561,17.04307235
,0.24168372,9.605133,17.04546525
2994455,0.27997026,9.621883,17.07418015
,0.17228939,9.607526,17.03350071
,0.16511066,9.614705,17.03350071
,0.17707519,9.58599,17.11007378
,0.15075321,9.578811,17.09093051
,0.17946811,9.629062,17.13878867
,0.18425392,9.638634,17.1483603
,0.21536173,9.490273,17.2057901
2994494,0.21296883,9.5500965,17.05025107
,0.17707519,9.763065,16.84685388
,0.15075321,9.760673,16.92581985
,0.15793194,9.672134,17.08375178
,0.22254045,9.679314,17.05025107
,0.21536173,9.672134,17.16511066
,0.25364825,9.621883,17.1483603
,0.28475606,9.5907755,17.03110781
2994532,0.22971918,9.588383,16.95214184
,0.19621846,9.595561,16.97367801
,0.14118157,9.6410265,16.92581985
,0.12443122,9.703242,16.88753332
,0.11246668,9.777423,17.03110781
,0.18664683,9.758279,17.05742979
,0.16032484,9.751101,17.06460852
,0.16750357,9.729565,16.98803546
2994571,0.15553902,9.684099,17.03110781
,0.1483603,9.638634,17.00717872
,0.14357449,9.56924,16.98803546
,0.107680865,9.581204,16.94496311
,0.1172525,9.554882,16.92821275
,0.15314612,9.5500965,16.90428367
,0.18186101,9.559668,16.99521418
,0.2057901,9.521381,17.00239291
2994609,0.19861138,9.581204,17.03350071
,0.21057591,9.56924,17.0287149
,0.234505,9.614705,17.02392908
,0.24646953,9.681706,16.99760709
,0.27757734,9.631455,17.02153617
,0.2991135,9.681706,17.03589362
,0.25604117,9.667349,17.09332342
,0.22254045,9.705635,17.04307235
2994647,0.24168372,9.643419,17.01675036
,0.2584341,9.650599,17.02153617
,0.21536173,9.626669,17.02153617
,0.25125536,9.614705,17.02153617
,0.17946811,9.657777,17.01196454
,0.21296883,9.6410265,17.04785816
,0.2392908,9.674527,17.01196454
,0.22493336,9.6410265,17.0598227
2994686,0.22254045,9.655384,17.06700143
,0.208183,9.655384,17.09571633
,0.22254045,9.633848,17.12921704
,0.19382556,9.645813,17.07178725
,0.234505,9.655384,17.02392908
,0.24168372,9.631455,17.03589362
,0.19621846,9.645813,17.07418015
,0.22493336,9.657777,17.02392908
2994724,0.18186101,9.6912775,17.04067944
,0.2368979,9.6003475,17.08135887
,0.18664683,9.638634,17.05503689
,0.20339718,9.574025,17.10050214
,0.19382556,9.605133,17.07418015
,0.19861138,9.626669,17.00957163
,0.24886245,9.650599,17.04307235
,0.18664683,9.607526,17.01914327
2994762,0.23211208,9.605133,17.06460852
,0.2943277,9.674527,17.05264398
,0.24168372,9.643419,17.02153617
,0.21296883,9.655384,17.05742979
,0.28236315,9.626669,17.02392908
,0.234505,9.595561,17.05264398
,0.19143265,9.614705,17.0287149
,0.22971918,9.645813,17.04785816
2994801,0.22732627,9.624276,17.07896597
,0.22254045,9.612311,17.05025107
,0.208183,9.593168,17.04546525
,0.23211208,9.629062,17.0598227
,0.17707519,9.645813,17.11485959
,0.18903974,9.619491,17.12203831
,0.16032484,9.629062,17.05742979
,0.1483603,9.67692,17.02392908
2994839,0.19621846,9.669742,17.04307235
,0.14357449,9.67692,16.99521418
,0.18664683,9.631455,16.99282128
,0.19621846,9.724778,17.03110781
,0.22254045,9.67692,17.05264398
,0.16750357,9.633848,17.04307235
,0.2392908,9.684099,17.00957163
,0.22732627,9.636241,17.0287149
2994877,0.234505,9.631455,17.03350071
,0.21775463,9.655384,17.05503689
,0.21775463,9.655384,17.04067944
,0.22014755,9.664956,17
,0.17707519,9.6410265,17.00478582
,0.2392908,9.674527,16.99760709
,0.15314612,9.672134,17.01435745
,0.21057591,9.69367,17.00717872
2994916,0.19382556,9.662563,17.00957163
,0.24886245,9.619491,16.97367801
,0.27518442,9.614705,16.95214184
,0.24646953,9.624276,16.92581985
,0.27279153,9.609919,16.8827475
,0.28714898,9.597955,16.94735602
,0.28954187,9.614705,17.04067944
,0.2967206,9.672134,17.04307235
2994955,0.30629224,9.633848,17.02392908
,0.30629224,9.617098,17.0598227
,0.33740005,9.614705,17.12443122
,0.28236315,9.681706,17.1459674
,0.25604117,9.60274,17.19621846
,0.24646953,9.614705,17.12203831
,0.28954187,9.60274,17.0598227
,0.27518442,9.609919,16.98803546
2994993,0.2943277,9.633848,17.01435745
,0.28954187,9.593168,17.09093051
,0.34457877,9.638634,17.17707519
,0.36611494,9.6003475,17.17707519
,0.30389932,9.612311,17.14118157
,0.31825677,9.593168,17.00478582
,0.21775463,9.564454,17.00957163
,0.13639577,9.696064,17.01196454
2995032,0.045465253,10.045428,16.7942099
,0.13160995,9.643419,17.05025107
,0.16511066,9.758279,17.05503689
,0.14118157,9.803744,17.00957163
,0.16989647,9.70085,17.07418015
,0.12682413,9.648206,17.07657306
,0.12203831,9.650599,17.07896597
,0.08135887,9.645813,17.05025107
2995070,0.040679436,9.609919,17.05264398
,0.0598227,9.60274,17.01914327
,0.06460852,9.581204,16.98564255
,0.110073775,9.593168,16.98324964
,0.11246668,9.566847,17.01196454
,0.13400285,9.535739,17.05503689
,0.15314612,9.516596,17.10768087
,0.17707519,9.526167,17.12203831
2995108,0.21775463,9.597955,17.06460852
,0.26082698,9.593168,17.06700143
,0.24646953,9.624276,17.1196454
,0.27279153,9.58599,17.0598227
,0.27997026,9.5907755,17.05742979
,0.30150643,9.607526,17.10768087
,0.2584341,9.576418,17.06221561
,0.2943277,9.564454,17.11246668
2995147,0.32064968,9.621883,17.13878867
,0.3326142,9.626669,17.13160995
,0.31825677,9.621883,17.09093051
,0.31825677,9.669742,17.0885376
,0.27757734,9.669742,17.1172525
,0.27757734,9.655384,17.13639577
,0.27279153,9.729565,17.05025107
,0.27757734,9.753493,17.0287149
2995185,0.22014755,9.638634,17.06939434
,0.21536173,9.684099,17.09093051
,0.21296883,9.686492,17.05264398
,0.21775463,9.688885,17.04785816
,0.18664683,9.672134,17.05503689
,0.24407662,9.731957,17.07657306
,0.22732627,9.664956,17.04067944
,0.234505,9.626669,16.97846383
2995223,0.25364825,9.614705,17.05742979
,0.24886245,9.629062,17.05503689
,0.24886245,9.581204,17.09093051
,0.2656128,9.54531,17.0885376
,0.25125536,9.566847,17.06221561
,0.28954187,9.547704,17.03828653
,0.31107804,9.530953,17.09571633
,0.30389932,9.521381,17.13160995
2995262,0.24646953,9.617098,17.09810923
,0.2368979,9.626669,17.12682413
,0.22014755,9.54531,17.12203831
,0.27997026,9.574025,17.05503689
,0.2584341,9.703242,17.00717872
,0.31347096,9.672134,17.02153617
,0.33979294,9.664956,17.06460852
,0.3230426,9.73435,17.06221561
2995300,0.37568656,9.724778,17.07178725
,0.27279153,9.719993,17
,0.27997026,9.698457,17.04785816
,0.20339718,9.633848,17.02392908
,0.2368979,9.645813,17.04067944
,0.22493336,9.633848,17.09810923
,0.21057591,9.593168,17.06939434
,0.22493336,9.619491,17.07657306
2995338,0.22732627,9.633848,17.09093051
,0.22254045,9.614705,17.13160995
,0.21536173,9.578811,17.12203831
,0.24646953,9.633848,17.14118157
,0.27518442,9.614705,17.10050214
,0.31586388,9.597955,17.15075321
,0.3326142,9.636241,17.1483603
,0.2991135,9.662563,17.1483603
2995377,0.30389932,9.648206,17.15075321
,0.31347096,9.614705,17.12921704
,0.25125536,9.624276,17.13878867
,0.2967206,9.6003475,17.10289505
,0.24168372,9.607526,17.10528795
,0.2584341,9.643419,17.10768087
,0.22493336,9.648206,17.1459674
,0.20100428,9.581204,17.11246668
2995416,0.25604117,9.614705,17.08375178
,0.25604117,9.6410265,17.10768087
,0.24886245,9.643419,17.17707519
,0.27279153,9.631455,17.12682413
,0.27279153,9.614705,17.09093051
,0.27997026,9.607526,17.08135887
,0.24168372,9.626669,17.19143265
,0.25125536,9.581204,17.18186101
2995454,0.21775463,9.581204,17.17228939
,0.21057591,9.58599,17.1459674
,0.19382556,9.5907755,17.07178725
,0.16511066,9.638634,17.04546525
,0.16271774,9.617098,17.08375178
,0.208183,9.674527,17.16989647
,0.22971918,9.684099,17.2057901
,0.234505,9.669742,17.1483603
2995493,0.28236315,9.681706,17.14357449
,0.2943277,9.638634,17.09093051
,0.28236315,9.672134,17.03828653
,0.22493336,9.652991,17.00957163
,0.16989647,9.67692,17.04067944
,0.19382556,9.729565,17.04546525
,0.2584341,9.719993,17.17228939
,0.28954187,9.698457,17.15314612
2995531,0.24886245,9.667349,17.19382556
,0.2584341,9.638634,17.15793194
,0.24886245,9.58599,17.18903974
,0.22493336,9.509417,17.19382556
,0.16750357,9.56206,17.19621846
,0.18425392,9.5500965,17.21536173
,0.1483603,9.542917,17.2057901
,0.19143265,9.54531,17.16989647
2995569,0.15314612,9.54531,17.2392908
,0.16989647,9.5500965,17.20100428
,0.17468229,9.576418,17.2057901
,0.23211208,9.56924,17.18903974
,0.22971918,9.624276,17.20100428
,0.24646953,9.588383,17.17946811
,0.24646953,9.629062,17.16989647
,0.2584341,9.626669,17.20100428
2995608,0.28714898,9.624276,17.21057591
,0.20339718,9.669742,17.17228939
,0.208183,9.633848,17.16989647
,0.26082698,9.638634,17.18664683
,0.2392908,9.655384,17.2057901
,0.2368979,9.696064,17.2392908
,0.15314612,9.6912775,17.16511066
,0.24407662,9.681706,17.24407662
2995646,0.22971918,9.6912775,17.22254045
,0.17707519,9.736743,17.18186101
,0.30868515,9.655384,17.1483603
,0.25604117,9.6410265,17.16032484
,0.27039862,9.609919,17.15314612
,0.22971918,9.617098,17.22732627
,0.24886245,9.578811,17.15793194
,0.22732627,9.619491,17.17946811
2995684,0.25364825,9.581204,17.16271774
,0.16750357,9.547704,17.18664683
,0.13400285,9.578811,17.20100428
,0.19143265,9.574025,17.19861138
,0.13639577,9.60274,17.2368979
,0.15553902,9.58599,17.2392908
,0.18186101,9.624276,17.21057591
,0.21296883,9.629062,17.28954187
2995723,0.22971918,9.624276,17.17468229
,0.21775463,9.617098,17.2392908
,0.22493336,9.60274,17.23211208
,0.2057901,9.650599,17.18903974
,0.2368979,9.629062,17.20100428
,0.22254045,9.631455,17.19621846
,0.20339718,9.633848,17.19143265
,0.21057591,9.624276,17.17707519
2995761,0.18186101,9.588383,17.14118157
,0.15793194,9.629062,17.17468229
,0.16511066,9.617098,17.15793194
,0.17468229,9.581204,17.17468229
,0.17228939,9.619491,17.20339718
,0.1172525,9.617098,17.22493336
,0.18186101,9.672134,17.17707519
,0.19143265,9.705635,17.12203831
2995799,0.20339718,9.698457,17.17468229
,0.2680057,9.724778,17.17468229
,0.25125536,9.729565,17.18186101
,0.2919348,9.681706,17.11007378
,0.16511066,9.727171,17.09093051
,0.16989647,9.650599,17.16511066
,0.19382556,9.459166,17.24646953
,0.21296883,9.648206,17.12921704
2995838,0.20339718,9.60274,17.10528795
,0.19861138,9.629062,17.15553902
,0.17468229,9.626669,17.17468229
,0.234505,9.60274,17.20100428
,0.23211208,9.583597,17.24407662
,0.20100428,9.629062,17.18186101
,0.22493336,9.652991,17.18664683
,0.22254045,9.609919,17.234505
2995876,0.234505,9.645813,17.21536173
,0.25604117,9.612311,17.20339718
,0.234505,9.657777,17.24168372
,0.21536173,9.6003475,17.2057901
,0.22971918,9.629062,17.22971918
,0.21775463,9.624276,17.234505
,0.25604117,9.60274,17.24646953
,0.22971918,9.578811,17.27039862
2995915,0.15314612,9.554882,17.28714898
,0.19621846,9.6003475,17.24407662
,0.15314612,9.655384,17.2632199
,0.11485959,9.624276,17.22014755
,0.18186101,9.648206,17.21057591
,0.19621846,9.69367,17.1483603
,0.24646953,9.684099,17.13878867
,0.21775463,9.708028,17.15314612
2995954,0.25604117,9.703242,17.234505
,0.13639577,9.674527,17.2656128
,0.12682413,9.631455,17.2656128
,0.16750357,9.621883,17.20100428
,0.13878867,9.624276,17.23211208
,0.10289505,9.581204,17.20339718
,0.12921704,9.578811,17.13639577
,0.105287954,9.6410265,17.17228939
2995992,0.08614469,9.621883,17.18903974
,0.13878867,9.652991,17.17468229
,0.12921704,9.688885,17.16750357
,0.1172525,9.67692,17.17946811
,0.1459674,9.662563,17.2057901
,0.18903974,9.655384,17.20100428
,0.15314612,9.5907755,17.27518442
,0.12921704,9.583597,17.3565433
2996030,0.15793194,9.56924,17.4115802
,0.15075321,9.624276,17.40440148
,0.15075321,9.56924,17.40679437
,0.13400285,9.533346,17.39482984
,0.18903974,9.533346,17.3326142
,0.234505,9.593168,17.3230426
,0.21536173,9.559668,17.2392908
,0.21296883,9.66017,17.25125536
2996069,0.24886245,9.662563,17.20339718
,0.2919348,9.715207,17.18664683
,0.3517575,9.727171,17.15553902
,0.33022133,9.722385,17.15793194
,0.3326142,9.729565,17.1483603
,0.39004403,9.703242,17.208183
,0.2991135,9.727171,17.10050214
,0.24407662,9.712814,17.17228939
2996107,0.18186101,9.739136,17.11007378
,0.13639577,9.686492,17.16032484
,0.08375178,9.66017,17.16511066
,0.13160995,9.69367,17.06700143
,0.14357449,9.736743,17.06700143
,0.2057901,9.669742,17.0885376
,0.19621846,9.648206,17.04546525
,0.21775463,9.69367,17.0885376
2996145,0.17946811,9.70085,17.05264398
,0.16511066,9.679314,17.05264398
,0.22254045,9.650599,17.10528795
,0.30389932,9.420879,17.25604117
,0.20339718,9.760673,17.06221561
,0.19382556,9.672134,17.16032484
,0.17228939,9.5907755,17.15314612
,0.22254045,9.597955,17.21057591
2996184,0.24168372,9.5907755,17.11007378
,0.24886245,9.633848,17.09571633
,0.27997026,9.667349,17.19382556
,0.28954187,9.609919,17.22971918
,0.3230426,9.58599,17.24886245
,0.30150643,9.607526,17.17468229
,0.28236315,9.648206,17.21536173
,0.30868515,9.626669,17.24168372
2996222,0.2943277,9.607526,17.27997026
,0.21536173,9.581204,17.19861138
,0.2680057,9.612311,17.2680057
,0.22971918,9.609919,17.2392908
,0.16989647,9.552489,17.21057591
,0.15314612,9.518989,17.22732627
,0.1196454,9.681706,17.08614469
,0.10050214,9.633848,17.11485959
2996260,0.11246668,9.633848,17.11246668
,0.14357449,9.631455,17.11246668
,0.10289505,9.650599,17.11485959
,0.13400285,9.655384,17.12203831
,0.07418015,9.69367,17.09571633
,0.0598227,9.669742,17.05503689
,0.08614469,9.7176,17.03589362
,0.13400285,9.727171,17.09093051
2996299,0.1172525,9.724778,17.07178725
,0.1172525,9.7176,17.09093051
,0.1483603,9.655384,17.06460852
,0.11485959,9.612311,17.10289505
,0.14357449,9.614705,17.07896597
,0.17946811,9.60274,17.0287149
,0.15314612,9.595561,17.10050214
,0.208183,9.490273,17.18903974
2996337,0.24646953,9.638634,17.0885376
,0.15553902,9.856388,17.00239291
,0.1459674,9.667349,17.13400285
,0.19621846,9.619491,17.11485959
,0.22254045,9.69367,17.09571633
,0.17228939,9.672134,17.07896597
,0.15553902,9.679314,17.05264398
,0.17946811,9.60274,17.09810923
2996375,0.107680865,9.705635,17.01435745
,0.12682413,9.751101,17.16032484
,0.12203831,9.703242,17.05503689
,0.20100428,9.70085,17.08614469
,0.22732627,9.748708,17.0885376
,0.17468229,9.7917795,17.0598227
,0.24407662,9.753493,17.03589362
,0.12921704,9.7917795,16.95214184
2996414,0.19382556,9.820495,16.89231914
,0.17946811,9.806137,16.81813899
,0.24168372,9.861175,16.92103403
,0.19621846,9.7917795,16.96889219
,0.19861138,9.868353,17.07178725
,0.17228939,9.853995,17.13160995
,0.088537596,9.827674,17.22254045
,0.1196454,9.782208,17.36372203
2996453,0.06221561,9.753493,17.24646953
,0.08614469,9.73435,17.11485959
,0.0598227,9.672134,17.05025107
,-0.002392908,9.669742,17.02632199
,0.007178724,9.648206,17.01196454
,0.011964541,9.688885,17.06939434
,-0.047858164,9.662563,17.03589362
,-0.09571633,9.624276,17.13878867
2996491,-0.05025107,9.657777,17.1459674
,-0.14118157,9.5907755,17.11246668
,-0.08375178,9.5405245,17.17946811
,-0.06221561,9.521381,17.21296883
,-0.15793194,9.4998455,17.19382556
,-0.1483603,9.468738,17.24646953
,-0.15553902,9.614705,17.11485959
,-0.2057901,9.492666,17.1459674
2996530,-0.21296883,9.384986,17.22732627
,-0.19143265,9.648206,17.05742979
,-0.13160995,9.52856,17.18903974
,-0.016750356,9.5500965,17.22014755
,0.05025107,9.571632,17.2919348
,0.052643977,9.588383,17.3852582
,0.1459674,9.564454,17.40679437
,0.13400285,9.636241,17.43550926
2996568,0.19143265,9.636241,17.42833054
,0.2368979,9.686492,17.36850783
,0.11485959,9.638634,17.37090075
,0.055036888,9.574025,17.4450809
,0.023929082,9.631455,17.45943835
,-0.023929082,9.609919,17.4450809
,-0.110073775,9.705635,17.47618872
,-0.07418015,9.559668,17.60779864
2996606,-0.08135887,9.564454,17.6101916
,-0.1459674,9.52856,17.69155043
,-0.2991135,9.583597,17.6748001
,-0.24646953,9.533346,17.6580497
,-0.3254355,9.719993,17.6293348
,-0.26082698,9.626669,17.72983694
,-0.25364825,9.636241,17.6269419
,-0.31347096,9.621883,17.5838696
2996645,-0.40679437,9.617098,17.6101916
,-0.30629224,9.655384,17.6173703
,-0.28236315,9.652991,17.6293348
,-0.23211208,9.652991,17.6580497
,-0.234505,9.521381,17.75855184
,-0.20100428,9.5907755,17.7992313
,-0.2656128,9.605133,17.78008807
,-0.28714898,9.607526,17.8159817
2996683,-0.27279153,9.638634,17.78248096
,-0.33979294,9.564454,17.8614469
,-0.33022133,9.614705,17.9475916
,-0.33740005,9.645813,17.95237744
,-0.3254355,9.514202,18.0648441
,-0.28954187,9.542917,18.1103094
,-0.31586388,9.516596,18.1868824
,-0.18186101,9.478309,18.1916683
2996721,-0.110073775,9.557275,18.2012398
,-0.14118157,9.530953,18.2419193
,-0.16032484,9.514202,18.2802058
,-0.09810923,9.39695,18.3926725
,-0.13160995,9.56206,18.3113136
,-0.071787246,9.425665,18.4094229
,-0.13160995,9.382592,18.4357449
,-0.107680865,9.56924,18.4189945
2996760,-0.12203831,9.552489,18.3902797
,-0.14118157,9.487881,18.4094229
,-0.14118157,9.614705,18.3998512
,-0.08375178,9.576418,18.4740313
,-0.0598227,9.772636,18.3208853
,-0.11485959,9.652991,18.4261732
,-0.15314612,9.578811,18.5123179
,-0.30629224,9.669742,18.5673548
2996798,-0.24407662,9.827674,18.5266753
,-0.30868515,9.770244,18.6965718
,-0.27518442,9.906639,18.6056414
,-0.3326142,9.897068,18.6965718
,-0.30868515,9.98082,18.7875023
,-0.27518442,10.01432,18.7779307
,-0.19143265,10.076536,18.6893932
,-0.1196454,9.987998,18.6558924
2996836,-0.19143265,10.021499,18.665464
,-0.16032484,10.040643,18.6750357
,-0.11246668,10.0430355,18.5506045
,-0.10050214,10.016713,18.5745336
,-0.12203831,9.95689,18.7396442
,-0.052643977,9.822887,18.9119335
,-0.016750356,9.844424,18.9430413
,0.009571632,9.899461,19.000471
2996875,-0.023929082,9.959284,19.1584032
,-0.009571632,9.923389,19.2230117
,0.007178724,9.973641,19.2086542
,0.19861138,10.076536,19.029186
,0.11485959,9.964069,19.1009734
,0.09332342,10.057393,19.1560102
,0.08135887,9.846817,19.2971919
,0.03828653,9.739136,19.1823323
2996914,0.11485959,9.523774,19.2014754
,0.12443122,9.581204,19.2206187
,0.110073775,9.56924,19.290013
,0.2057901,9.456773,19.3378713
,0.1483603,9.416093,19.187118
,0.069394335,9.344306,19.0435436
,0.011964541,9.317985,18.9143264
,-0.021536173,9.286877,18.7946811
2996952,-0.021536173,9.2485895,18.7300725
,-0.20100428,9.128944,18.7731448
,-0.24407662,8.91119,18.8616825
,-0.2680057,8.703007,18.8210031
,-0.24886245,8.700614,18.61282
,-0.10289505,8.664721,18.6415349
,0.1459674,8.77958,18.639142
,0.3517575,8.908797,18.562569
2996991,0.6197632,9.100229,18.5577831
,0.92366254,9.114587,18.5434257
,1.14381,9.081086,18.3974583
,1.2897775,9.066729,18.2873845
,1.5697477,8.999727,18.1868824
,1.7085364,9.0428,17.89734054
,1.902362,9.136123,17.9188767
,2.0339718,9.131337,17.93802
2997029,2.057901,9.1983385,17.7776951
,2.0172215,9.277305,17.70830077
,2.060294,9.526167,17.5360114
,2.0172215,9.719993,17.3565433
,1.9932925,9.9927845,17.3326142
,2.0148287,10.179431,17.41875893
,1.9334698,10.311041,17.48336744
,1.770752,10.394793,17.31586388
2997067,1.6870002,10.490509,17.34697166
,1.6678569,10.579046,17.442688
,1.6846073,10.507259,17.5886554
,1.6726427,10.480937,17.6843717
,1.6008555,10.342149,17.7202653
,1.6152129,10.100465,17.7705164
,1.5697477,9.810924,17.6532639
,1.5482116,9.6003475,17.72505116
2997106,1.7085364,9.440022,17.6389065
,1.7013576,9.418487,17.57908374
,1.691786,9.361056,17.63651353
,1.8066456,9.394557,17.7513731
,1.8257889,9.456773,17.8159817
,1.9215052,9.478309,17.9404129
,1.8353605,9.33952,18.0815945
,1.7587874,9.193553,18.0887731
2997144,1.691786,9.05955,18.0050215
,1.6582853,8.971012,18.0480938
,1.6176059,8.949476,18.14381
,1.6199988,8.963834,18.354386
,1.6511066,9.009299,18.3376356
,1.6271775,8.961441,18.3854938
,1.5817122,8.982977,18.3496002
,1.6606783,8.971012,18.4285661
2997182,1.6750357,8.932726,18.5721406
,1.7875023,8.85376,18.6152129
,1.7851094,8.848974,18.6726427
,1.823396,8.844189,18.6870002
,1.8688612,8.877689,18.7372513
,1.8592896,8.899225,18.8856115
,1.899969,8.846581,18.9956853
,1.8880045,8.789151,19.1966896
2997221,1.8664683,8.808294,19.2421548
,1.8545038,8.652756,19.3043704
,1.8688612,8.547467,19.4814458
,1.8353605,8.420644,19.5340896
,1.74443,8.300998,19.5939124
,1.6965718,8.092815,19.5197322
,1.5841051,8.037778,19.5723763
,1.4548881,7.8559175,19.6465564
2997259,1.4453164,7.630984,19.811667
,1.4261732,7.3893003,19.8595252
,1.3902797,7.2840123,19.7183435
,1.2993491,7.037543,19.761416
,1.3352427,6.8604674,19.7733805
,1.328064,6.6809993,19.7398798
,1.2969562,6.482388,19.7279153
,1.251491,6.295741,19.6728783
2997297,1.2155973,6.0875583,19.658521
,1.2012398,5.771694,19.5077677
,1.1031306,5.491724,19.2780485
,0.911698,4.924605,19.2445478
,0.77530223,4.398165,19.0459363
,0.7226582,3.6946502,18.9167194
,0.5312256,3.0318146,18.6223917
,0.41875893,2.4694812,18.4142087
2997336,0.2057901,1.9358627,18.4740313
,-0.004785816,1.3998512,18.3400285
,-0.12682413,0.94280577,18.1605604
,-0.057429794,0.6006199,18.0169859
,-0.17946811,0.4737958,17.75615895
,-0.18664683,0.30389932,17.4737958
,-0.33740005,0.31586388,17.42354473
,-0.48336744,0.44747382,17.16032484
2997375,-0.57669085,0.6819788,16.7942099
,-1.0265576,1.0911661,16.48073894
,-1.5601761,1.3400285,16.51184675
,-1.9669704,1.7061435,16.4759531
,-2.1942968,2.0626867,16.33716446
,-2.239762,2.2230117,16.12419564
,-2.6369848,2.2565124,16.2486269
,-3.1418884,2.1296883,16.60277724
2997413,-3.2734983,2.0459363,16.92342694
,-3.6850784,1.8616825,17.7489802
,-3.986585,1.8640754,17.08135887
,-4.6446347,2.4838386,16.80617444
,-4.9868207,3.1562457,16.72242266
,-5.446259,3.5726118,18.3400285
,-6.611605,3.6731138,19.471874
,-8.076065,4.8958898,19.2230117
2997452,-8.233996,8.145459,18.3448143
,-7.6070547,11.019341,20.699436
,-7.659699,11.351956,23.3938503
,-7.4850163,12.273226,22.9942346
,-6.84611,15.348112,21.453202
,-6.269419,17.846308,20.3357139
,-4.7594943,18.231567,20.0581365
,-3.8501892,18.31771,19.5986981
2997490,-1.8401463,18.791508,18.8545038
,-0.30868515,18.396677,18.2802058
,0.2057901,18.013813,17.43311638
,1.2538838,18.497179,15.7078296
,1.8664683,18.760399,14.0782592
,3.6611493,18.839365,13.9083626
,6.140202,19.504595,14.6908436
,7.764987,20.559866,14.7243445
2997528,8.963834,21.34474,15.334536
,9.748708,21.576853,15.8585829
,10.56469,22.110472,16.80617444
,10.71305,22.110472,17.7489802
,10.428293,23.227959,16.53816873
,9.315591,24.209051,16.3610935
,8.353642,26.094664,17.22014755
,7.896597,26.40574,18.61282
2997567,6.9370403,26.544529,19.6609137
,6.690571,26.965681,18.9478272
,6.3053126,27.147543,18.5075321
,5.4510446,26.61153,18.225169
,5.1327877,26.312418,18.3878866
,5.0466433,26.702461,18.4979604
,5.0131426,27.271973,18.0863802
,5.072965,28.195637,18.3998512
2997605,4.9892135,28.212387,20.204104
,5.448652,28.30571,20.275891
,5.963127,28.801043,19.1823323
,5.362507,27.96831,18.6941789
,4.532168,25.328932,20.720972
,3.9411197,23.192064,22.2476473
,4.192375,22.210974,22.0921082
,2.9743848,21.11502,21.3885937
2997643,0.20339718,20.074106,22.266791
,-1.1127023,18.107136,22.1830387
,-2.9241338,16.042055,22.333792
,-5.355328,13.330891,22.752551
,-8.272284,10.617333,23.5278535
,-9.684099,7.549625,23.7408223
,-10.346934,6.164131,23.4919596
,-8.719757,5.106466,22.647263
2997682,-7.29837,3.7377224,21.919819
,-6.0995226,2.763809,21.563276
,-5.2883267,2.5316968,20.1466742
,-4.3096275,2.0459363,19.239762
,-3.1466742,1.7228938,18.6223917
,-1.8281817,1.7396442,17.3517575
,-1.1127023,1.9286839,17.33022133
,-0.33979294,1.8856115,17.6101916
2997720,0.34457877,2.2110472,17.832732
,0.6556568,1.926291,18.0361292
,0.35415038,1.720501,17.7441944
,-0.004785816,1.6152129,18.0744157
,-0.60301286,1.40703,18.6726427
,-0.95237744,1.1868824,19.237369
,-1.5482116,0.95955616,19.3378713
,-2.1009734,0.677193,19.6944146
2997758,-2.3857293,0.14357449,19.9265265
,-3.2687125,-0.2967206,19.8164527
,-4.3120203,-0.8255533,19.4694812
,-5.8458743,-0.8638398,19.239762
,-7.1691527,-0.80880296,19.41923
,-7.992313,-0.16511066,18.9621847
,-7.2505116,1.301742,18.823396
,-5.8004093,2.998314,18.5912839
2997797,-4.4149156,4.9102473,17.9499845
,-3.5247536,6.6546774,17.77530223
,-2.895419,8.387143,17.9093051
,-2.605877,10.07175,17.6795859
,-2.5364826,12.012399,17.1483603
,-2.1990826,13.701792,16.7367801
,-2.1201165,15.549117,16.3730581
,-2.2469406,16.905895,16.27255595
2997835,-3.2998202,17.848701,16.89710495
,-3.804724,19.047548,17.48336744
,-4.23784,20.878122,18.0792016
,-5.783659,21.909466,17.6173703
,-6.6498914,22.330618,18.5266753
,-6.551782,22.656054,18.9095407
,-7.7889156,23.866865,19.81406
,-9.574025,25.45097,20.3428926
2997874,-11.024128,25.637617,21.1540885
,-13.639576,25.893658,22.1088586
,-15.9678755,25.02982,22.5587254
,-18.035349,23.93626,23.1880603
,-18.07842,20.624475,23.1043086
,-17.511301,17.68359,21.50106
,-14.063121,14.773814,16.60277724
,-6.9896846,15.630476,14.2314053
2997913,-1.2825987,17.74102,16.87556878
,6.046879,17.982704,19.7877378
,12.5077305,16.731213,25.837009
,22.73502,12.653698,28.155738
,28.827364,8.889653,29.806844
,29.851528,7.1524024,27.179431
,26.913038,8.23639,27.320613
,21.696497,12.330655,29.297154
2997951,14.297626,15.896089,26.358664
,8.054528,14.771421,22.259612
,4.170839,11.057629,21.189982
,2.0028641,6.8293595,21.2115183
,0.6532639,2.5053747,19.3259068
,-0.87819725,-1.5577831,15.8011531
,-2.1416528,-4.78103,12.02993
,-2.9073834,-6.6498914,10.043816
2997989,-3.4960387,-7.530482,9.270907
,-2.8427749,-7.080615,6.490348
,-2.7709875,-5.072965,6.703317
,-1.0528796,-2.6896286,8.366387
,0.5886554,0.06221561,8.770789
,1.6152129,1.8832186,9.9528856
,3.5008245,2.0914016,10.898084
,4.218697,1.902362,10.852619
2998028,5.068179,0.8734115,13.3460293
,5.9248405,-0.5264398,17.8877689
,6.015771,-2.2828343,23.901147
,3.9387267,-1.9885067,29.864274
,1.7276796,-2.0555081,34.042292
,0.24168372,-0.19382556,36.75585
,-2.2110472,1.2825987,32.695085
,-6.1737027,-0.1459674,29.481409
2998066,-9.873138,-4.0966587,25.51636
,-12.565161,-7.2002606,20.644399
,-13.419429,-9.172017,15.411109
,-9.672134,-8.260319,13.1833117
,-2.6728783,-5.675978,12.386473
,-1.4381378,-1.5266753,11.8911414
,-0.6293348,8.049743,12.3769016
,2.4981961,20.456972,13.0373442
2998104,9.743921,35.793118,17.2919348
,14.735528,37.346115,14.4348025
,25.106392,27.300688,10.898084
,35.31693,34.723488,15.7365445
,38.430103,35.960625,13.9945076
,33.32364,29.46627,13.6977868
,28.427748,25.584972,18.7085364
,23.572538,24.833601,20.749687
2998143,23.402641,23.584501,18.5721406
,24.484236,23.1131,21.0751224
,23.125063,18.877651,24.748236
,22.797235,18.774757,20.0629225
,15.802765,25.774014,15.671936
,1.4620669,29.545237,25.456537
,-10.30147,23.811829,32.912839
,-17.563946,20.746513,32.245217
2998181,-25.240395,16.123415,30.443357
,-27.547157,9.193553,35.832186
,-27.085327,7.0399356,36.384949
,-24.38852,8.5546465,31.570417
,-19.621847,9.341913,28.205989
,-15.070535,8.078458,24.441944
,-10.667584,5.4893312,20.412287
,-6.269419,2.4599094,14.999529
2998219,-2.4886243,-0.4785816,11.3623085
,-1.1055236,-3.933941,7.004823
,-0.6843717,-5.5443683,6.081161
,-0.33022133,-6.190453,3.996938
,0.035893623,-5.0921082,4.281693
,-0.54079723,-3.1131735,5.265179
,-0.6293348,-1.2108115,6.188841
,-2.132081,0.31586388,7.425975
2998258,-4.4220943,1.691786,8.268278
,-7.5161242,2.9265265,8.12949
,-9.040407,2.7135577,8.476461
,-9.39695,1.0361292,10.017494
,-8.183745,-1.1677392,11.1804476
,-7.343835,-3.5750046,11.4556317
,-7.2146177,-5.704693,13.4943895
,-7.552018,-8.025814,19.3498356
2998296,-7.552018,-9.195946,22.4510446
,-4.1971607,-7.1835103,26.033228
,-2.969599,-5.022714,26.906639
,-1.9478272,-0.5240469,29.352192
,1.6606783,4.008121,28.033699
,8.7389,6.116273,23.424958
,15.723799,6.4177794,19.8451676
,22.701519,4.027264,14.8703117
2998334,23.996082,4.16366,10.307036
,17.432335,4.625491,8.265885
,9.382592,6.2933483,11.919856
,5.1950035,14.524952,15.7628665
,-1.0504867,28.310495,19.8020954
,-10.468973,46.65453,26.5500965
,-22.895344,48.67175,3.8988285
,-50.710506,44.634914,10.151497
2998373,-55.754757,35.781155,19.1201165
,-41.284843,26.479921,12.592263
,-38.633503,22.75895,20.3500714
,-35.285824,19.528522,19.8786685
,-28.533035,18.64554,18.0313433
,-22.938417,16.537388,12.5779057
,-20.454578,17.226545,10.6851153
,-16.051628,20.564651,15.0497799
2998412,-12.09615,23.78072,22.259612
,-11.081557,24.608667,29.536446
,-10.583833,29.966389,29.828381
,0.86862564,30.516756,31.938925
,40.277428,4.9628916,36.121729
,53.151276,-5.3026843,34.42755
,50.849297,-2.0914016,34.276796
,35.709366,2.9313123,34.595053
2998450,20.157858,7.499374,29.955204
,9.846817,10.179431,25.145459
,3.256748,9.547704,22.6951213
,-0.7106937,6.7264647,18.2921704
,-2.3330853,2.2517266,14.05433
,-0.92366254,-0.70830077,7.796875
,0.8829831,-1.1629534,-0.714699
,1.1007377,0.650871,-3.112392
2998489,0.70830077,2.8403819,-1.923117
,2.6250203,4.9102473,2.668874
,3.4792883,5.2404685,5.509255
,3.7161863,4.948534,7.141218
,5.309863,4.687707,8.031381
,6.3435993,4.9844275,9.213477
,6.8221807,4.618313,9.8858843
,7.1524024,3.1969252,13.0349512
2998527,9.743921,2.0435436,23.1808815
,10.904482,0.7130866,31.977212
,8.57379,2.3857293,38.598389
,5.2763624,2.8810613,40.12985
,1.4405307,4.4460235,42.924767
,-7.1212945,4.0033355,33.566103
,-16.204773,-4.326378,26.30602
,-19.112158,-13.591718,18.1485959
2998565,-16.846073,-15.388792,10.094067
,-11.68457,-15.010713,7.770554
,-4.44363,-9.356271,7.270435
,-0.16750357,-3.098816,7.935664
,3.436216,3.7305436,8.074452
,6.8341455,15.010713,11.015337
,11.359135,32.75891,18.7587874
,16.905895,45.671043,17.8710185
2998604,28.576109,29.75342,-2.009262
,43.194386,30.55983,9.9409213
,44.25205,33.708897,8.028988
,35.46529,30.598116,1.941429
,29.475842,24.790527,9.8595624
,24.706776,22.22533,13.1498108
,19.11455,18.693398,16.54774037
,13.890832,11.150951,20.984192
2998642,16.48953,10.847053,18.2682413
,18.109528,20.358862,16.91385531
,6.0732007,24.929316,29.766165
,-3.8454032,27.666803,33.929825
,-19.181551,24.828814,34.915703
,-31.732355,14.632633,39.100899
,-37.996986,8.494823,41.474665
,-35.032173,11.045664,41.8001
2998680,-23.321281,15.644834,36.521345
,-13.141851,15.84823,33.013342
,-6.4991384,10.009535,36.224623
,-3.0437791,3.2495692,34.70034
,-0.72744405,-0.6676214,25.547467
,1.014593,-4.4125223,10.8406544
,0.067001425,-5.989449,3.9084
,-1.0313433,-6.2813835,2.944057
2998719,0.39722276,-5.3457565,2.439155
,2.837989,-2.4168372,5.518827
,3.5056105,1.5027462,7.227364
,1.5960697,6.034914,7.153183
,-1.797074,9.090658,7.378117
,-6.3675284,10.457008,7.268043
,-10.818337,10.291898,7.789697
,-13.572575,8.401501,7.5504055
2998757,-14.240196,4.513025,7.832769
,-12.572339,0.3613291,7.837555
,-10.909268,-3.8190813,9.4168744
,-10.370864,-7.8319883,10.598971
,-9.82528,-11.624747,6.042873
,-10.890124,-13.807079,12.4582605
,-9.954497,-14.0966215,20.6108983
,-8.133494,-11.653462,36.308376
2998795,-9.045193,-5.7118716,34.176294
,-3.0605295,3.3668218,32.855409
,13.785543,9.016478,29.0147915
,36.362633,15.5754385,27.138752
,47.556656,12.986312,-1.454107
,27.807985,6.8365383,-8.577795
,5.546761,-5.2739697,5.91605
,-0.78487384,-4.245019,13.9418635
2998834,1.3759222,15.328969,15.1096026
,-5.5132604,37.401154,25.700614
,-17.145187,54.015114,16.2007687
,-49.691128,62.18211,-3.456972
,-68.01123,47.00868,8.167776
,-44.768917,23.79747,9.115368
,-37.212112,17.071007,13.0588803
,-36.355453,11.210774,17.44747382
2998873,-29.885029,6.611605,17.7872668
,-23.716112,5.2691836,16.33716446
,-19.928139,10.507259,14.9612422
,-18.707756,19.030798,20.4146798
,-13.902796,22.95756,32.211717
,-13.706577,25.766834,32.4845085
,-14.919782,30.088427,35.298569
,37.549515,9.15766,41.1253
2998911,52.684658,2.057901,45.03531
,52.821053,7.288798,42.55626
,46.446346,9.916211,37.523973
,29.987925,10.909268,38.694105
,14.326341,9.8922825,34.91331
,3.8358316,6.561354,30.464894
,-2.3259068,1.6511066,26.535739
,-3.2136755,-3.6659353,20.1873536
2998950,-0.9954498,-5.111252,4.497055
,0.1196454,-2.500589,-4.500278
,0.40440148,-1.720501,-2.66731
,0.7992313,0.32064968,1.761961
,1.5960697,3.1658175,0.163498
,1.9956853,4.998785,3.4465685
,3.9746203,5.1184306,5.89212
,4.582419,5.510867,6.349166
2998988,5.106466,7.049507,7.978737
,5.9822702,7.3534064,9.9337425
,5.821945,6.944219,10.610935
,5.080144,5.49651,10.517612
,4.5489182,3.0102785,10.9818363
,5.1136446,0.7226582,14.7219515
,6.1378093,-2.2469406,22.362507
,7.499374,-2.1751535,45.111885
2999026,7.1763315,1.0696299,45.032919
,4.4340587,3.6324344,39.110472
,-3.7305436,5.6879425,31.070299
,-16.532602,-0.6652284,21.1540885
,-20.244003,-6.611605,14.0064719
,-14.972425,-9.966462,3.626037
,-6.9418263,-12.378513,4.224264
,-2.8092742,-8.5642185,2.324295
2999065,-3.618077,0.18903974,5.547542
,-1.7827165,8.533111,3.293423
,5.1758604,24.240158,10.4817185
,9.169623,40.703365,20.177782
,17.891773,30.574186,9.0627236
,38.298492,30.291824,2.321901
,47.52794,31.57203,7.047895
,43.10106,31.354275,-3.53115
2999103,36.235806,25.733334,-2.317947
,32.754128,16.640284,6.976108
,20.925982,6.975327,20.5056105
,14.467523,3.1562457,27.502474
,7.803273,13.417036,22.0873227
,0.08614469,24.307161,32.903267
,-3.1658175,30.310966,45.176493
,-7.6261983,29.73667,39.170294
2999141,-31.186771,11.318456,44.391619
,-40.964195,-3.0318146,54.451405
,-32.510048,10.859017,45.908722
,-22.857058,25.584972,37.071712
,-13.4026785,22.100899,40.1131
,-6.152167,13.29739,42.120749
,-2.290013,5.2021823,35.978153
,-1.6774286,-2.763809,24.209832
2999180,-2.5221252,-9.710421,11.0057654
,-2.239762,-10.078929,4.855991
,3.7616515,-8.79633,1.654281
,6.221561,-6.4464946,1.529849
,5.3577213,-2.1942968,2.113719
,2.1560102,3.2591407,6.913893
,0.39961565,7.8942037,6.052445
,-1.2562767,12.311512,3.585358
2999218,-3.8430104,13.127494,5.100068
,-7.4706593,10.866196,7.270435
,-11.088737,9.05955,8.962222
,-11.440494,6.5422106,7.17472
,-10.315826,3.0581365,6.770318
,-9.861175,-0.7154795,9.3833737
,-8.805902,-4.3359494,14.0495443
,-8.435001,-6.0373073,21.5106316
2999256,-4.900676,-4.893497,36.925745
,-12.136829,-2.1895108,46.100155
,-9.207911,3.9770133,40.297354
,17.925274,5.592226,24.4874096
,34.053474,9.810924,16.89471205
,32.598587,7.4060507,7.351794
,22.770914,-0.9164838,-0.169115
,4.218697,-4.9628916,-1.815435
2999295,-6.855682,-2.3091564,9.1560473
,-6.642713,8.913583,7.483404
,-13.263889,40.830193,23.7791085
,-24.541666,51.392487,6.980894
,-47.867733,53.407314,-3.973839
,-50.76076,38.956543,8.038559
,-34.81442,15.996591,10.2161055
,-32.639267,14.579989,10.019887
2999333,-35.032173,18.128672,6.818176
,-28.367926,15.472544,8.687037
,-20.58619,9.459166,11.0751595
,-13.567789,7.757808,11.893534
,-11.500317,11.603211,11.9342136
,-11.543388,19.856352,10.6013637
,-13.909975,25.443792,28.442886
,-16.542173,25.618475,43.88193
2999372,-17.372513,26.357883,38.41892
,52.122326,2.5197322,41.606274
,55.869617,3.8190813,45.908722
,57.20486,12.687199,40.974546
,43.83329,13.491216,47.315752
,21.493101,13.323712,45.04249
,5.666406,15.130358,38.555317
,-3.6252558,13.089208,36.550058
2999411,-6.901147,6.6857853,31.96764
,-4.78103,-0.15793194,22.312256
,-1.0265576,-6.015771,13.9442563
,0.25364825,-8.848974,2.073039
,-0.03828653,-7.0183992,-1.951832
,-0.72505116,-4.7834234,-2.023619
,-0.31825677,-2.5316968,2.42719
,-0.38765112,-0.83751786,2.831592
2999449,0.24646953,2.7159507,3.087632
,2.9791706,5.111252,6.289344
,4.3359494,6.9657555,8.651144
,5.0849295,7.604662,11.326415
,5.6951213,6.463245,12.4080095
,5.5754757,5.178253,11.6542435
,5.235683,3.2926416,11.613564
,6.334028,3.153853,15.284285
2999487,8.750865,4.7475295,30.921939
,10.215324,6.7791085,53.905823
,6.97772,9.483095,49.170258
,-4.479524,14.946104,33.590033
,-16.587639,12.428764,16.95453475
,-23.33564,3.8190813,11.3192363
,-17.697948,-7.702771,8.028988
,-7.7243075,-9.406522,-1.710148
2999526,2.234976,-5.8745894,3.221635
,5.228504,0.08614469,0.170677
,5.5754757,7.7721653,4.401339
,9.629062,20.89966,7.457083
,13.682649,32.28751,9.842812
,19.389734,24.254517,6.385059
,28.425356,17.073399,6.313272
,31.94293,20.074106,5.432682
2999564,30.428219,23.933867,-0.19065
,29.73667,25.75487,-3.186573
,26.941751,22.787664,0.110855
,26.917824,15.144715,5.631293
,19.69842,10.500081,20.3668218
,14.685277,12.617805,35.293783
,10.543153,17.22894,38.63189
,4.343128,21.65821,46.571558
2999602,3.3859649,28.999653,33.755142
,-22.56273,18.095171,38.038448
,-44.283157,-2.861918,55.422924
,-47.046967,4.5943837,56.717487
,-34.692383,25.56583,46.356197
,-20.495258,29.451912,38.471565
,-7.6261983,24.098978,42.218859
,-0.80641,13.735292,44.037468
2999641,0.51926106,2.943277,32.613726
,-0.69633627,-6.6857853,20.8693323
,0.2632199,-11.986076,9.962457
,2.8595252,-14.249767,6.272593
,6.4799953,-15.381613,2.14722
,10.040643,-12.644126,1.470026
,8.233996,-5.783659,0.704296
,3.5247536,0.6843717,7.167541
2999679,0.82076746,7.31512,4.643023
,-1.7587874,12.627376,4.779418
,-6.226347,12.670448,7.832769
,-11.076772,10.275147,8.42621
,-14.903031,7.9755626,7.899771
,-15.27154,4.1229806,6.495133
,-13.347641,0.34218585,6.720067
,-11.268204,-1.1797037,7.674837
2999717,-10.406757,-3.6611493,11.170876
,-9.444808,-7.6166263,17.6389065
,-4.5656686,-6.7025356,35.992512
,-5.831517,-4.479524,35.064064
,-18.769972,6.8652534,45.068811
,15.048999,11.818573,31.367021
,34.146797,11.320848,5.133569
,42.940735,16.13538,-4.158092
2999756,30.05014,9.121766,4.73156
,8.080851,2.108152,-9.278917
,-7.475445,4.840853,1.630351
,-11.416565,21.780249,19.8738825
,-20.466543,43.76868,13.4441385
,-59.86099,61.73703,-2.820457
,-62.22518,59.95192,-3.87573
,-36.19752,21.35192,1.659066
2999794,-34.91492,5.888947,13.877255
,-36.300415,7.150009,8.553035
,-29.040333,7.130866,4.50902
,-20.418684,6.1282377,-0.21458
,-11.497924,5.2404685,4.39416
,-7.5639825,11.050449,4.439626
,-7.150009,22.639303,16.80617444
,-8.490038,24.077442,44.618946
2999833,-18.86808,22.854666,47.985767
,6.1928463,18.334461,45.458857
,72.75159,-0.2584341,43.975252
,78.32227,-0.5288327,52.740475
,63.165596,10.667584,52.285824
,37.25758,19.059513,46.004438
,19.152836,20.406721,43.432062
,4.343128,16.937004,39.48137
2999872,-3.5534685,13.792723,32.27154
,-6.905933,4.3622713,30.431393
,-10.009535,-4.886318,26.344306
,-12.09615,-14.340698,20.9219763
,-13.117922,-13.716149,16.17923254
,-14.680491,-11.93104,9.6537724
,-14.374199,-6.8413243,-4.253809
,-9.920997,-3.5726118,-6.527073
2999910,-3.1849606,-1.433352,1.893571
,0.27039862,2.6633067,4.535342
,3.3404996,7.9061685,5.31543
,6.3675284,10.066964,6.650673
,8.04735,10.169859,8.012238
,10.224896,9.076301,11.113446
,10.452223,7.083008,12.7406235
,8.143066,6.3435993,14.7458806
2999948,5.022714,5.6616206,15.8944764
,2.0028641,4.998785,14.6980224
,0.52165395,4.189982,17.30868515
,1.7540016,3.0964231,20.9530842
,3.5869691,4.0176926,37.519186
,4.5465255,11.093522,56.48059
,4.319199,18.355997,61.019936
,-11.057629,21.897503,38.907074
2999987,-31.58878,8.214853,9.8595624
,-29.370554,-0.8279462,-4.452421
,-10.84466,-10.052607,0.053425
,0.32064968,-10.650834,-3.102821
,6.975327,-1.1270597,3.51357
,9.609919,5.281148,2.092182
,11.150951,21.318419,6.629136
,20.198538,40.176926,9.034009
3000025,30.59333,28.537823,2.599479
,43.582035,15.048999,-0.985098
,43.172848,15.879338,5.176641
,34.94603,21.318419,-5.952774
,25.975018,24.283232,-9.975252
,23.280603,18.614431,-5.766129
,17.736235,11.280169,-3.021461
,5.472581,15.640047,19.9600272
3000063,0.5049036,22.163115,42.745298
,-4.618313,22.486156,37.942732
,-16.0612,24.498592,37.042997
,-9.349092,32.636875,49.299473
,-16.233488,24.69242,49.490906
,-42.282684,-6.800645,51.170727
,-42.76127,-1.7133222,54.84384
,-27.72184,17.207401,42.288252
3000102,-15.056178,15.9271965,39.79245
,-1.8545038,7.343835,41.929316
,6.1737027,-0.95237744,34.638126
,6.812609,-6.5230675,24.3534064
,4.950927,-9.2988405,20.902833
,3.1299238,-11.9741125,18.0504867
,3.070101,-14.606311,13.197669
,2.6728783,-13.630005,11.776282
3000140,2.1679747,-7.6333766,9.208691
,0.9021264,0.021536173,7.29915
,-0.7872668,6.2909555,8.505177
,-2.4814458,10.220111,6.21277
,-5.367293,11.830538,5.87537
,-8.059315,12.201438,6.279772
,-9.69367,11.409386,6.729638
,-10.583833,8.85376,8.861719
3000178,-8.793938,5.5754757,10.1610684
,-5.709479,3.0748868,10.986622
,-3.1059947,0.5814767,12.008394
,-1.9861137,-1.6893932,11.22352
,-2.8451676,-4.55849,9.945707
,-5.673585,-7.0423284,12.6473002
,-6.0325212,-8.729329,16.2103403
,-0.009571632,-4.508239,28.390243
3000217,-0.2919348,2.967206,33.41535
,-14.297626,11.088737,46.36816
,6.2909555,19.576382,33.94179
,53.42646,12.86906,-9.295668
,47.523155,13.498395,-8.707012
,25.496435,4.529775,-4.35192
,3.228033,-4.97007,-9.032448
,-6.611605,10.117215,12.049073
3000255,-4.505846,44.07976,32.695085
,-50.222355,57.2599,-5.301903
,-78.40124,65.84326,-3.131536
,-51.201054,44.99146,-28.800262
,-36.8125,12.163152,-4.964504
,-28.449284,1.5793194,6.119447
,-16.290918,9.667349,-8.884087
,-6.6666417,16.396206,-4.557709
3000293,-10.323006,21.98604,-0.343798
,1.9430413,27.74577,25.382357
,-5.8243384,17.269617,53.094627
,-18.693398,20.186573,51.019974
,8.896832,27.757734,47.093212
,78.32227,-7.0662575,54.13554
,78.32227,-12.682413,58.68446
,70.73436,3.2974274,52.46768
3000332,34.29516,15.592189,43.597174
,11.213167,14.4388075,40.79747
,-6.3100986,4.3096275,40.093956
,-17.12365,-7.6620917,45.781898
,-16.803001,2.1799393,27.849445
,-12.538838,7.3773355,12.530048
,-11.289741,0.071787246,14.7745955
,-12.321084,-7.5209103,17.12443122
3000371,-14.340698,-8.990156,7.29915
,-12.072222,-4.6948857,-5.230116
,-5.0322857,1.1150951,-7.19948
,1.4405307,4.139731,0.295109
,3.988978,4.8719606,5.549934
,5.5060816,4.8719606,5.494898
,7.5137315,6.2311325,7.983522
,9.349092,7.8272023,11.611171
3000409,10.665192,6.6666417,12.96795
,8.47568,3.9147975,13.8198252
,4.5919905,3.1418884,14.3845515
,0.5934412,3.0557437,13.671465
,-1.718108,1.9502201,12.0682163
,-2.2301903,-0.13400285,11.888748
,-0.93802,-2.445552,14.4036946
,0.39243692,-4.7331724,26.5907755
3000448,2.1225095,0.21296883,41.670883
,6.65707,8.837009,64.894054
,3.515182,25.860157,59.191757
,-31.225058,30.72494,33.90111
,-54.857418,13.199281,-13.184143
,-35.45572,3.2615337,-23.5574
,-4.012907,-17.925274,-16.065205
,12.179902,-17.738628,1.821784
3000486,4.6661706,4.508239,-2.78935
,9.152873,26.168842,0.091711
,20.155464,39.80124,22.62812
,49.695915,32.15829,-4.844858
,70.91862,26.728783,-6.618002
,53.972042,19.966425,-3.354076
,33.3356,20.468935,-13.03339
,20.363647,25.699833,-17.94842
3000524,11.052842,22.337797,-9.702461
,3.4697168,21.272953,12.9224844
,-8.176567,21.595995,45.860865
,-11.4213505,25.692654,59.478905
,-19.724741,26.589994,41.587132
,-10.67237,32.986237,51.228157
,6.1114874,33.34757,60.852432
,-37.16186,-10.375649,50.972115
3000563,-58.628643,-13.747257,46.042725
,-32.450226,14.041585,46.320303
,-18.389498,19.564417,38.06477
,-4.1349454,7.1906886,41.039154
,4.3790216,-1.5458187,39.52205
,9.021263,-6.9705415,32.585011
,7.834381,-9.6003475,22.7190504
,4.850425,-10.708263,16.82771061
3000601,4.730779,-11.988469,13.4297812
,6.5541754,-13.646755,9.9911723
,4.3790216,-13.381142,9.7351313
,1.7659662,-5.061001,7.875841
,-2.3139422,3.5223608,9.340301
,-2.940884,8.540289,6.437704
,-4.893497,9.681706,6.241486
,-6.0779867,7.6764493,8.507569
3000639,-8.798723,6.015771,9.866741
,-9.401736,6.2622404,9.744703
,-7.9994917,5.0418572,11.505883
,-5.747765,2.708772,11.900713
,-3.876511,0.088537596,11.515455
,-2.443159,-1.7779307,10.218498
,-2.8906329,-3.35725,7.43076
,-4.331164,-5.1423593,8.270671
3000678,-5.5898333,-7.1236873,16.5022751
,0.40200856,-2.4551237,30.230389
,-3.7616515,4.2545905,30.041349
,-18.025776,20.724977,42.931946
,27.453835,22.419155,15.829868
,60.054813,9.751101,-13.389933
,42.045788,19.308376,-4.825714
,11.93104,6.0827723,-11.62636
3000716,-4.4149156,2.7398798,-8.163822
,-15.9271965,18.592896,11.5130615
,-27.973095,46.886642,18.9167194
,-77.736015,62.904766,-10.27676
,-78.40124,54.661198,-19.05873
,-43.416924,13.409857,-13.961838
,-33.22553,2.603484,1.350381
,-21.60078,10.543153,-12.980745
3000754,-17.54241,18.087992,-13.028605
,-8.942298,26.678532,7.090967
,-3.874118,31.248987,28.275383
,-6.6594634,29.023582,40.948225
,-7.4634805,16.360313,55.516247
,-15.855409,15.39597,50.29253
,17.96356,17.662054,42.7788
,62.83059,0.12443122,48.292059
3000792,77.262215,-5.446259,48.919
,52.431007,46.1592,25.561825
,35.156605,-5.0155354,45.236315
,18.107136,-9.317985,51.967567
,0.047858164,-50.688972,50.708897
,-9.100229,18.458893,18.4046371
,-11.677391,5.4079723,29.239725
,-9.100229,-8.353642,32.766871
3000831,-7.8798466,-9.664956,20.3524642
,-6.355564,-8.34407,10.3166075
,-5.6879425,-7.2337613,8.08881
,-4.343128,-8.006671,8.653537
,-1.7540016,-2.9576344,-0.039898
,1.6319634,2.3976939,-4.40217
,4.1349454,5.156717,1.156555
,6.2622404,7.0734363,5.411146
3000870,7.630984,9.107409,7.052681
,8.49961,10.753729,10.6276855
,7.9875274,11.751572,11.57767
,5.5012956,9.995177,15.1789969
,3.381179,6.5254602,15.3441076
,0.598227,6.147381,10.448218
,0.7418015,6.331635,15.25557
,2.708772,9.751101,31.709206
3000908,4.2785196,13.993727,57.148212
,2.2325833,23.414606,70.26135
,-21.954931,28.166922,33.233488
,-44.608593,18.413427,-1.35839
,-33.912292,9.243804,-10.346153
,-10.634084,-8.961441,-0.867846
,5.6424775,-11.785072,-7.484236
,9.124159,-1.4213874,-2.186337
3000947,10.404365,8.463716,0.948372
,14.343091,24.986746,8.225206
,23.457678,33.79265,5.20057
,31.505028,17.628553,-3.662762
,40.602863,11.7228565,-1.049706
,35.190105,15.149501,1.328845
,26.042019,20.471329,-2.923353
,20.631653,19.497416,-6.634754
3000985,18.559395,14.386164,-8.769228
,16.829323,13.041349,0.572685
,8.437394,18.796293,22.7669086
,5.3002915,18.525894,47.267895
,-0.45943835,17.37012,46.39927
,-10.502474,16.618746,34.664448
,-7.808059,17.961168,41.804886
,-6.31967,16.850859,48.449991
3001023,-16.276562,2.5460541,52.12789
,-45.66626,-9.631455,49.926414
,-32.1894,9.356271,48.356668
,-17.37012,27.571087,45.736433
,-4.1110163,27.17147,40.761578
,0.7944455,15.864981,42.18775
,1.7300725,2.524518,34.130829
,0.416366,-3.7425082,22.3457565
3001062,-2.316335,-5.4007936,17.05025107
,-0.42833054,-11.66782,11.8049965
,2.28762,-13.003062,11.3742733
,3.5223608,-11.172488,9.2541566
,2.0124357,-7.1236873,8.82104
,-0.39482984,-0.49533197,6.643494
,-1.0600582,6.125845,7.428368
,-2.0770442,10.397185,6.253449
3001100,-4.3287706,11.952576,7.229756
,-7.5687685,11.1198435,6.511884
,-10.507259,8.200496,7.227364
,-11.210774,3.9435124,9.02683
,-10.500081,0.46901,8.289815
,-7.8200235,-2.0961876,9.191941
,-5.757337,-3.3668218,7.830377
,-5.4295087,-4.6470275,8.01463
3001138,-5.527618,-6.43453,16.53338292
,-1.0122001,-0.64369226,36.767815
,-7.324692,3.5630403,41.1253
,-19.923353,19.121729,54.449013
,25.151857,18.210032,26.727171
,57.518333,10.361292,-14.45717
,44.83592,20.174608,-1.616825
,16.578068,3.7640445,-4.639069
3001177,-1.3902797,-4.276127,-6.83097
,-12.5579815,5.941591,7.2082205
,-16.051628,31.04559,26.810924
,-35.896015,47.81509,-5.986275
,-78.40124,59.97585,-8.041782
,-58.674107,40.99291,-6.218388
,-42.222862,7.84156,-2.145658
,-35.271465,6.3483853,-3.650797
3001215,-27.26001,9.408915,-5.325832
,-17.78888,6.688178,-5.842701
,-8.463716,5.678371,-7.039154
,-0.2919348,12.002827,3.374782
,4.240233,22.390442,45.427748
,-5.7860518,14.623061,64.621265
,-15.750121,21.947754,40.122671
,44.445873,22.110472,41.601488
3001253,78.32227,-2.4814458,58.794533
,78.32227,-4.0488005,63.460705
,49.80599,19.794136,49.41194
,24.632595,22.696733,42.723763
,3.2615337,3.8095098,45.999653
,-16.255024,17.059042,39.75177
,-21.399776,6.951398,37.01907
,-17.396442,-1.2395264,25.942298
3001292,-11.883182,-8.966227,21.3096275
,-11.301705,-7.2840123,18.0002356
,-11.55296,-8.963834,11.1062675
,-11.217953,-11.280169,3.219242
,-9.0428,-7.386907,-4.763498
,-1.4429235,-4.3407354,-1.214817
,3.6802926,1.7635733,-1.40625
,6.042093,6.870039,3.508784
3001331,9.698457,8.123923,4.836848
,11.203596,9.88271,6.954572
,12.77095,10.567082,11.3192363
,11.4716015,10.026285,11.0823383
,7.997099,8.523539,12.735838
,4.663778,7.2720475,12.5132976
,1.3591717,5.989449,11.977286
,0.75615895,5.2189326,17.9404129
3001369,2.2541194,8.207675,29.21101
,4.0033355,11.866431,52.09439
,3.1682103,26.57803,75.178776
,-15.714228,31.624674,56.593056
,-47.236004,14.115765,10.642043
,-44.86942,4.457988,-8.28586
,-15.144715,-9.566847,-0.037506
,1.8257889,-18.150208,-0.324656
3001408,10.3924,-7.207439,6.097911
,12.385693,1.8927903,0.144356
,12.409621,11.045664,5.48054
,19.061907,25.355253,13.4728534
,28.523464,36.463135,4.664558
,37.96588,17.27919,-3.186573
,45.290573,11.062414,-0.91331
,43.94097,12.254083,-5.823557
3001446,33.61318,14.422057,-10.798414
,25.376791,13.290212,-9.06834
,18.442142,8.77958,-8.350468
,4.6422415,15.125572,-0.169115
,-5.604191,26.506243,35.51393
,-6.30292,28.604824,52.28343
,-14.694849,22.115257,43.204737
,-16.829323,25.635225,51.113297
3001484,-4.6494203,32.5938,52.99891
,-15.214109,6.3124914,59.158257
,-45.05846,-12.337834,55.2626
,-37.458584,5.601798,45.693361
,-23.938652,23.050884,36.375378
,-10.394793,16.439278,40.144207
,-0.4091873,10.397185,31.986783
,6.1067014,-8.368,30.493608
3001523,5.3768644,-7.5448394,21.886318
,5.1399665,-8.126316,23.4967456
,5.721443,-10.1435375,13.9083626
,7.678842,-10.7298,9.4599466
,5.125609,-10.303863,8.328101
,2.895419,-3.9937637,6.406596
,0.18903974,1.9573988,3.410675
,-3.1299238,8.781973,3.058917
3001561,-5.857839,12.282797,3.839005
,-8.066493,12.995884,6.03091
,-10.157895,12.218188,5.626508
,-11.928647,11.61039,6.87082
,-10.780051,8.028207,8.907185
,-9.818102,5.343364,9.3546586
,-7.274441,3.5271466,9.737524
,-3.7449012,0.41875893,11.477168
3001599,-1.6008555,-3.359643,9.457554
,-2.2565124,-4.8767467,10.5343623
,-3.072494,-6.166524,14.3486578
,1.562569,-2.3761578,32.060964
,-1.0600582,2.88824,36.37059
,-12.574732,16.216738,53.36981
,13.247139,16.207167,34.908524
,48.36546,9.303627,-10.109255
3001638,39.951992,15.151894,-0.48498
,22.83313,2.9313123,-1.91594
,1.6247846,-1.6750357,-6.388283
,-12.036327,7.997099,14.135689
,-15.8769455,29.435162,30.218424
,-36.08266,44.826347,-2.423235
,-78.40124,52.581764,-13.069283
,-62.919125,43.163277,-2.22223
3001676,-40.54783,8.643184,-0.784094
,-33.139385,7.8319883,-2.801315
,-24.637383,11.957362,-8.972624
,-14.21866,11.806608,-8.76444
,-5.7166576,11.895146,-7.211445
,0.63651353,15.455793,-0.063828
,8.815474,25.704618,37.526365
,-5.4630094,11.981291,65.81772
3001714,-26.901073,19.930532,47.784763
,40.942657,24.737885,37.739334
,78.32227,-7.6261983,57.645935
,78.32227,-4.843246,62.66865
,51.035942,12.431157,48.248987
,29.078619,30.433004,34.056648
,7.5400534,-24.905388,63.78614
,-13.706577,19.279661,39.746984
3001753,-19.040369,16.62114,29.175117
,-16.266989,10.756122,25.5642185
,-10.961912,0.43311638,25.77958
,-8.760436,-9.102622,19.5675905
,-7.8822393,-8.085636,7.098146
,-9.485488,-7.29837,-1.693398
,-6.8843966,-7.4778376,-8.113571
,-1.6678569,-5.443866,-3.567045
3001791,2.5915194,-0.5312256,1.070411
,7.592697,4.2474117,0.433897
,10.270362,7.9875274,3.441783
,11.952576,10.30147,8.658322
,12.7589855,11.725249,10.7210093
,9.1983385,11.040878,10.1849976
,6.78868,9.597955,11.0249085
,3.7018287,8.420644,11.2378774
3001830,1.380708,7.9372764,15.7963673
,1.9191123,12.749414,33.759928
,3.8956544,19.363413,55.516247
,-0.3828653,32.91206,83.71906
,-25.752478,29.758205,53.884285
,-47.71937,11.966933,2.262079
,-37.460976,1.0433079,-1.70297
,-11.976505,-10.806373,11.6183496
3001869,4.292877,-10.722621,5.545149
,15.331362,-6.7791085,8.167776
,16.41535,-4.020086,6.894749
,17.877417,4.83846,8.361602
,25.372004,22.541195,9.75906
,28.387068,32.947952,1.541814
,30.356432,15.608939,-2.621847
,35.20925,9.368236,1.692567
3001907,39.3418,14.426843,-0.001612
,33.988865,19.751064,-8.383968
,29.35859,16.776678,-8.238
,20.976233,9.698457,-6.809435
,8.5043955,5.4510446,-9.1162
,-0.28954187,13.984155,-0.853487
,-4.6518135,22.74459,25.430215
,-8.176567,23.551,37.188965
3001945,-10.629298,21.390205,49.352116
,-9.935354,18.688612,53.403313
,-14.958069,22.139185,37.337326
,-39.085762,3.328535,57.724903
,-59.068935,-9.370628,65.564068
,-37.362865,14.970033,49.23247
,-22.031506,29.109728,41.058298
,-8.707792,15.029856,41.484236
3001984,1.746823,10.660405,30.378749
,6.396243,5.671192,23.489567
,6.8580747,-4.8456388,21.5895977
,7.1189017,-8.413465,27.476151
,10.9284115,-11.433315,20.8166883
,11.0289135,-13.440965,15.6910793
,8.0641,-15.805158,13.558998
,5.460616,-8.798723,8.036166
3002022,0.911698,-0.234505,6.645886
,-2.60827,8.676684,4.592772
,-4.635063,14.173195,4.90385
,-7.4826236,17.200224,4.4826975
,-9.930569,17.303118,3.755254
,-11.995648,14.450772,4.226657
,-12.270833,10.351721,5.750939
,-10.55751,6.063629,7.380509
3002060,-7.420408,2.6369848,9.8739195
,-3.8166883,-0.4977249,11.6231356
,-1.8114314,-1.7133222,13.8293967
,-0.30629224,-1.7922882,15.7150084
,-0.23211208,3.3452854,33.616354
,-1.5553902,9.708028,49.474155
,-1.1797037,21.203558,59.37601
,35.130283,10.849445,41.639774
3002099,52.20129,-0.2680057,-7.235373
,24.376554,5.941591,-7.098978
,5.494117,-4.3670573,14.7889528
,1.9669704,-6.692964,3.626037
,-10.669977,4.319199,6.877998
,-18.903975,17.702734,20.0366004
,-41.914177,40.421005,11.290521
,-66.11605,48.30803,-19.448776
3002137,-62.423794,40.375538,-3.418684
,-35.43179,8.848974,7.524084
,-35.242752,7.3773355,-3.473722
,-31.619888,13.7329,-11.119062
,-21.318419,15.261968,-4.782642
,-13.283032,13.512752,-8.876907
,-5.6329055,14.1468725,-7.649345
,-0.11485959,16.853252,1.749997
3002175,4.9102473,18.200459,42.09682
,-4.0176926,7.288798,61.981888
,-18.542645,16.123415,42.199715
,31.31838,13.7664,32.455793
,78.32227,-2.6920216,52.00585
,77.810196,2.08183,55.683754
,48.626286,13.026992,45.353567
,30.208073,37.13315,30.878867
3002214,9.688885,-16.862823,64.90602
,-10.332577,10.873374,44.169079
,-18.23396,11.78268,33.939396
,-17.865452,10.559903,23.982506
,-13.886045,-0.8997334,25.813081
,-11.064807,-7.0734363,17.8877689
,-7.4563017,-8.662328,7.332651
,-4.6996713,-10.440258,-2.784565
3002252,-0.11246668,-10.519224,-6.881224
,2.4981961,-6.5422106,-2.95446
,5.0968943,-3.153853,2.6114435
,9.767851,3.4984317,2.039538
,13.072457,9.0571575,4.176406
,15.190181,13.18253,7.375724
,15.281111,15.376827,10.0581737
,14.039192,12.333048,12.0107865
3002291,11.351956,10.282326,18.0576653
,9.655384,13.2016735,21.3024487
,8.937511,20.61251,46.181515
,5.623334,37.28151,76.21969
,-9.877925,43.017307,80.31156
,-50.710506,27.245651,23.8389316
,-48.85361,13.8453665,-9.884323
,-20.665154,0.8925547,3.929936
3002330,-3.3165705,-3.9482985,18.9238981
,-4.55849,-0.46661708,7.3087225
,2.3665862,-0.43072346,14.0710804
,22.325832,0.5551547,10.486504
,36.07548,7.104544,10.1395326
,30.275074,16.989647,8.285028
,28.645502,19.98796,2.44394
,28.427748,15.867373,-1.475643
3002368,25.718977,9.466345,1.584886
,27.941988,9.684099,4.171619
,27.370083,13.606075,-4.371061
,26.271738,12.000434,-2.751064
,19.17916,8.765223,4.157262
,7.274441,7.554411,0.668402
,2.5340896,10.837481,-3.363647
,-1.0792016,16.441671,-2.186337
3002406,-3.3692145,23.304531,14.6214495
,-8.166995,24.898209,40.641932
,-14.752278,20.495258,56.02833
,-19.703205,20.839836,48.162842
,-33.273388,17.697948,49.909664
,-50.806225,4.2019467,62.6184
,-43.622715,7.889418,60.546143
,-20.588581,38.86083,33.886753
3002445,-7.9875274,10.0430355,51.00083
,-4.2067323,15.206931,32.053784
,3.6515777,-2.5053747,29.033935
,8.372786,-11.962148,27.607761
,6.3292418,-16.63789,23.6283555
,9.109801,-15.611332,20.2639267
,13.082028,-16.673784,20.8621538
,12.897775,-15.695085,18.5266753
3002483,11.435708,-11.428529,13.7504308
,6.221561,-3.070101,5.06896
,0.33500713,5.329006,5.31543
,-4.400558,10.739371,7.356581
,-8.097601,16.664211,7.492976
,-9.289269,21.98604,6.164912
,-11.639105,23.125063,4.31998
,-12.718307,19.562023,4.008902
3002521,-12.32587,14.065514,4.465947
,-10.559903,7.2576904,7.909342
,-8.233996,2.6154485,9.7207737
,-6.535032,0.75855184,10.4530034
,-4.4101295,-0.7944455,10.560684
,-2.8738825,-1.6511066,8.943078
,-1.9837208,-2.5293038,11.7499595
,-2.057901,-3.1945324,14.3390863
3002560,1.2849916,1.9119335,32.381613
,-6.1617384,7.609448,35.509144
,-2.108152,25.374397,69.440582
,44.603806,6.7575727,35.57136
,57.489616,5.592226,-12.995104
,28.77472,14.769029,-2.614668
,11.995648,2.4288018,7.887806
,-0.7681235,2.0626867,7.0072155
3002598,-16.759928,12.928883,24.6070547
,-36.6091,37.386795,30.424214
,-78.40124,56.63774,-21.37507
,-78.40124,56.977535,-17.82399
,-42.888092,10.631691,5.872977
,-37.458584,-0.99305683,-1.387106
,-29.475842,4.0775156,-11.078384
,-10.3924,12.297154,-0.738628
3002636,-3.5917552,15.4749365,-7.711561
,-1.2969562,15.618511,-15.447834
,4.742744,15.7261915,15.695865
,1.1940612,7.2720475,62.357574
,-2.8188457,9.217482,59.931164
,12.443122,18.241138,38.789822
,77.72166,7.4323726,44.616552
,78.32227,-1.6367491,61.46741
3002675,61.02394,6.506317,60.28771
,32.60098,51.804066,37.100428
,16.520638,15.386399,40.137028
,2.471874,-4.5943837,49.201363
,-3.649185,-6.6666417,40.412212
,-3.7329366,-0.8925547,22.0657864
,-6.6857853,-6.458459,16.2869134
,-10.150716,-16.606783,16.0045502
3002713,-13.397892,-15.037034,15.9806211
,-14.907818,-9.964069,6.301308
,-13.567789,-6.86286,-1.154993
,-8.468502,-7.3462276,0.359716
,-0.90691215,0.59583414,4.702846
,3.5510757,14.955675,5.045032
,6.357957,18.277033,8.533891
,8.480466,17.16433,10.730581
3002751,8.98537,15.6759405,11.340772
,9.243804,13.69222,13.5566053
,7.1739383,11.134201,12.9583783
,3.5558615,8.260319,12.4510818
,0,4.213911,12.1663256
,-3.6539707,2.1727605,11.769103
,-4.1971607,2.5843408,13.176133
,-3.4816813,2.4359803,15.4613601
3002790,0.33022133,10.31822,36.676884
,2.3330853,21.27056,55.083134
,-2.3211207,38.93501,86.59055
,-27.331797,34.374126,53.73832
,-56.647312,12.991098,-4.548138
,-32.620125,2.237369,-18.919945
,-8.5043955,-2.2708697,-2.875494
,12.897775,-5.2883267,3.862934
3002829,15.795587,0.43072346,5.99023
,20.270325,9.88271,3.927543
,24.601488,27.96831,7.222577
,32.069756,35.582542,4.6334505
,39.143192,15.8266945,-0.647697
,41.739494,6.8652534,-5.081757
,43.464783,10.710656,-5.467014
,35.9678,23.488787,-8.616081
3002867,26.489492,20.614902,-13.5024
,11.301705,11.002591,-9.479921
,-0.90691215,10.495295,-1.475643
,-11.220346,21.363884,17.7657306
,-14.510594,27.003967,36.612274
,-16.939396,26.738356,50.352352
,-16.159307,25.479685,55.635895
,-19.36102,22.902523,41.721134
3002906,-33.36671,-0.50968945,61.847885
,-52.64398,-7.004042,66.408768
,-39.698345,8.683864,39.390442
,-24.185122,18.501965,36.870708
,-14.970033,27.38444,27.811159
,0.5288327,-33.936222,54.099648
,6.219168,2.6513422,20.15146
,7.7937016,6.1043086,15.3560722
3002944,8.691042,-11.445279,28.311276
,10.602976,-13.785543,24.291191
,11.804215,-15.786015,16.94496311
,11.222739,-14.620668,15.6121134
,7.4586945,-9.370628,15.5235757
,3.493646,-1.1916683,13.020594
,0.442688,4.182803,11.197198
,-2.6441634,6.3723145,11.3742733
3002982,-5.1950035,9.652991,10.41711
,-7.398872,11.23231,9.5436983
,-8.944691,10.794409,8.464497
,-9.913818,8.784366,8.229992
,-10.0837145,7.599876,8.813862
,-8.801116,5.0586076,10.409931
,-6.1043086,2.4264088,13.4249954
,-2.940884,0.8351249,14.0375798
3003021,-1.2993491,-0.3828653,14.609485
,-0.22014755,-1.5817122,13.4896038
,0.54079723,-2.5867336,10.802368
,2.3043704,-3.5486827,11.790639
,0.86623275,-3.0796728,20.022243
,6.556568,0.6867646,31.462736
,1.9645776,15.829087,34.571125
,5.666406,41.03359,70.86915
3003059,76.642456,0.36611494,-5.574696
,78.32227,19.664919,-18.65433
,15.797979,27.896523,-13.380362
,-7.5328746,11.978898,-5.270796
,-17.14758,9.911426,23.046879
,-34.323875,42.151077,20.2902486
,-78.40124,75.09185,-20.14272
,-78.40124,56.798065,-28.33125
3003097,-43.390602,5.726229,-12.95203
,-30.411469,-9.231839,4.922993
,-12.761379,0.95955616,-9.168842
,-4.407737,11.060021,-9.307632
,-3.0844586,19.753456,-6.96976
,1.586498,31.076698,-2.250946
,5.43908,30.51197,24.181117
,-1.3687434,17.348583,54.391582
3003136,-2.060294,8.406286,65.710037
,17.1739,13.902796,56.995068
,66.78846,10.880553,52.721333
,78.32227,-9.126552,60.579643
,53.268528,-0.27039862,46.68881
,25.312181,10.193789,41.658918
,12.713521,29.114513,27.985841
,-0.6939433,-15.812337,44.45144
3003174,-8.418251,-9.01887,41.862314
,-10.964305,-1.4381378,24.6908064
,-14.211481,-5.963127,28.485959
,-18.166958,-11.61039,27.447436
,-21.294489,-15.616118,12.113682
,-21.909466,-16.171272,3.977794
,-16.293312,-11.966933,-3.722584
,-8.789151,-9.382592,-0.980312
3003212,-2.3450499,-4.6230984,1.72846
,3.6061125,14.4077,1.948608
,5.771694,18.13585,4.664558
,6.2670264,12.7542,10.723402
,6.190453,10.512045,12.5635486
,6.3053126,12.66327,12.9200916
,5.9009113,12.641733,12.774124
,4.7451367,9.487881,12.4893684
3003251,2.3594074,6.089951,12.1112885
,1.3519931,5.491724,10.8167253
,1.8090385,5.75973,10.785618
,2.7781663,3.6898644,11.3647013
,6.1282377,2.9576344,17.10050214
,7.3294773,1.4955676,27.631691
,8.128709,6.9083257,47.102783
,11.753964,15.898481,59.407116
3003290,5.7142644,41.73471,55.396603
,-33.058025,33.3715,36.760635
,-60.164886,20.79437,-12.20305
,-28.028133,9.559668,-22.995068
,7.9516335,-7.659699,-2.786957
,13.826223,-7.0519004,5.782047
,17.269617,10.24404,7.114897
,27.01354,27.439478,7.674837
3003328,44.469803,30.720154,2.470263
,57.314934,16.848465,-3.033426
,56.647312,10.3924,-4.416527
,41.095802,9.897068,-10.544765
,29.94246,12.464658,-22.90653
,18.825008,12.967169,-19.434418
,5.001178,10.794409,-13.217644
,-6.214382,16.207167,6.239092
3003367,-11.416565,28.250673,51.802456
,-9.710421,28.62636,54.81513
,-19.253338,28.90633,58.03598
,-12.995884,32.335365,59.60812
,-30.736904,16.836502,42.19493
,-78.40124,-29.337053,60.33796
,-59.77963,-6.798252,56.597843
,-32.112827,12.785308,29.706342
3003405,-22.143972,28.212387,20.75208
,-10.502474,-3.175389,33.738392
,-3.072494,-7.054293,25.703007
,-1.14381,-3.9506912,19.9791706
,8.793938,-11.351956,23.7264647
,14.024835,-19.669704,27.660405
,19.365805,-21.954931,22.673585
,18.494787,-17.836737,14.8009174
3003443,14.716385,-14.271304,13.011022
,7.7769513,0.028714897,10.7066517
,2.184725,7.817631,10.3333583
,-2.2780485,11.51946,11.814568
,-4.5656686,14.6398115,11.201984
,-6.24549,15.257182,10.6205072
,-6.6163907,13.620433,10.283107
,-8.336892,12.026756,11.015337
3003482,-8.272284,10.780051,10.536755
,-7.839167,9.583597,10.7449384
,-5.697514,6.8843966,12.448689
,-3.1394954,5.1184306,13.3747442
,-0.84708947,3.491253,14.6166635
,0.6676214,1.4883888,14.5711982
,0.6867646,-0.78008807,13.5518193
,-0.55754757,-3.5295393,12.151968
3003520,-3.2998202,-5.89134,16.4065588
,-3.1036017,-8.552254,13.6595004
,0.87819725,-4.3670573,29.32587
,3.0772798,6.326849,30.199281
,-16.534994,42.78998,49.490906
,24.16598,30.342075,95.40124
,78.32227,7.1476164,-11.973331
,44.761738,26.68332,-41.38935
3003558,-16.515852,7.860703,-29.321915
,-7.815238,-8.391929,10.2519994
,-21.737177,8.662328,38.428492
,-55.07996,64.871735,9.1680117
,-78.40124,78.348595,-19.396133
,-71.48813,38.511463,-38.694935
,-40.504757,-10.066964,10.7760463
,-27.563908,-13.376356,14.5951273
3003597,-10.65562,3.776009,-7.022404
,-6.1306305,12.950418,-4.864
,-6.1737027,17.580696,-4.505066
,-4.8217096,21.227488,-8.936731
,0.8877689,30.8733,1.254664
,4.898283,27.262402,19.392908
,0.9954498,20.430649,43.417706
,-0.9499845,13.098779,57.99291
3003635,8.509181,11.895146,52.38154
,68.319916,7.185903,53.08027
,78.32227,-12.239725,50.962543
,64.73295,-4.50106,41.771385
,24.11812,3.9195836,38.227488
,10.753729,8.166995,44.595016
,-2.4862316,32.524406,16.6769574
,-10.18661,-7.255297,35.992512
3003673,-11.34717,-26.604353,46.818027
,-14.910211,-0.5168682,17.11485959
,-20.1435,14.797744,5.999802
,-18.413427,1.8162172,22.8482676
,-17.903738,-18.076027,19.163189
,-14.359841,-15.149501,4.793776
,-9.344306,-11.268204,4.224264
,-5.049036,-6.274205,3.8988285
3003711,-0.27279153,0.42354473,4.688488
,3.5726118,5.283541,7.985915
,5.963127,7.496981,11.221127
,6.767144,8.59054,12.2500772
,7.757808,10.150716,15.0019218
,7.5687685,11.299312,16.36827224
,7.4084435,11.61039,17.60540575
,5.498903,8.918368,18.3256711
3003750,2.9193478,5.4749737,17.15793194
,0.3565433,4.455595,16.1122311
,-2.079437,3.4481807,14.396516
,-1.4931747,3.6132913,12.386473
,-2.6896286,3.2471762,20.5989337
,1.3998512,6.3603497,26.746315
,1.3113136,11.954968,53.60671
,-2.342657,29.217407,68.878246
3003789,-8.509181,63.28524,83.5372
,-69.00908,35.793118,11.6303144
,-68.877464,20.677118,-33.0716
,-9.363449,-4.76428,-27.070187
,19.49263,-2.5915194,3.929936
,14.211481,6.5206747,10.835869
,27.47537,22.072184,8.572178
,46.362595,30.497614,4.944529
3003827,57.109146,21.100664,-3.930767
,56.07062,15.37922,-4.40217
,37.11161,4.50106,-4.44285
,23.239923,3.5869691,-1.265068
,15.364862,6.84611,2.420011
,11.323241,8.808294,6.8564625
,7.865489,11.110272,-0.236116
,2.6202343,16.025305,-10.070969
3003866,-4.2569833,20.77762,-5.182259
,-7.0279713,23.857294,7.82559
,-7.518517,32.392796,30.208853
,-11.859253,31.296844,45.530643
,-17.57591,25.336111,43.398561
,-25.82905,17.240902,47.042961
,-25.436613,16.86043,45.403818
,-36.030018,9.925783,45.70054
3003904,-51.80646,-4.663778,62.951015
,-28.02574,0.16989647,34.587875
,-18.229174,1.277813,27.263183
,-13.0102415,1.8305746,16.77745955
,-4.692493,0.64369226,25.0617075
,-0.5551547,0.3804724,25.461323
,3.3500714,-6.558961,26.772636
,8.267497,-14.33352,26.4137
3003942,16.075556,-23.227959,25.088029
,19.32034,-23.857294,17.598227
,18.27464,-20.356468,11.242663
,14.934139,-12.62259,9.160833
,9.806137,-4.16366,6.674602
,2.9719918,3.5486827,5.8705845
,-3.2615337,9.932961,6.751175
,-6.535032,13.98894,8.301779
3003981,-9.574025,15.9271965,11.532205
,-10.868588,16.525423,10.5056477
,-10.82073,16.18563,11.458025
,-9.949712,14.505809,13.3149216
,-7.961205,11.916682,14.319943
,-5.0968943,9.509417,16.140946
,-1.3783151,6.8150024,17.83751786
,2.6106627,4.4651666,18.3854938
3004019,5.807588,2.4264088,19.474267
,7.609448,0.78248096,20.4146798
,8.566611,-0.6676214,20.256748
,6.9705415,-1.8832186,19.3809435
,6.4536734,-1.3759222,23.5924616
,5.728622,-0.27997026,25.583362
,9.073908,7.0399356,27.550332
,2.8068812,23.907545,22.9176617
3004057,-7.492195,57.587727,56.762955
,14.359841,45.867264,95.40124
,78.32227,3.050958,-4.174843
,49.88256,-15.269147,-28.288177
,-4.4220943,-3.1873536,-20.02786
,-19.186337,5.3768644,17.2632199
,-15.020284,19.035583,10.117996
,-51.418808,34.768955,21.2043395
3004096,-78.40124,49.18144,-14.773033
,-78.40124,39.45427,-28.285786
,-40.231964,1.170132,-8.048962
,-26.98961,-13.565396,8.416638
,-16.250238,2.6633067,-2.629025
,-7.360585,17.087757,-5.99824
,-3.201711,23.62279,-4.380634
,0.16032484,24.812063,-4.366276
3004134,3.9698346,28.59286,2.872271
,5.963127,26.01091,4.925385
,10.002356,25.616081,15.6145062
,15.630476,29.057083,44.40119
,19.96164,25.01307,60.74954
,42.82827,10.447436,54.30065
,53.40971,-4.5704546,49.555515
,58.33192,-11.134201,48.579208
3004172,32.94556,23.967367,41.589523
,13.704185,-15.587403,37.964268
,5.886554,-14.307198,38.136557
,-0.6676214,3.82626,30.570182
,0.7322299,-0.5264398,22.55394
,-1.5506045,-3.2878556,26.440022
,-3.9004402,-7.2265825,27.12918
,-8.119137,-11.1294155,26.827674
3004211,-11.880789,-13.443357,23.6163907
,-14.627847,-12.756593,15.9710495
,-14.386164,-13.0916,10.878941
,-14.058335,-11.194024,9.325944
,-13.0509205,-8.207675,8.462104
,-9.073908,-3.098816,3.934722
,-5.9750915,0.12682413,3.975401
,-2.60827,5.0873227,6.839712
3004250,0.4785816,8.377571,10.5032544
,2.2301903,8.4541445,12.211791
,3.330928,9.521381,13.1043456
,3.3237493,13.941083,14.1524394
,2.392908,13.694613,19.4359803
,1.040915,11.184452,20.926762
,0.52165395,8.889653,19.2325833
,-0.6580497,8.200496,19.555626
3004288,-1.1342385,7.965991,18.2275618
,-1.8688612,7.111723,17.6939433
,-2.8451676,4.5393467,16.91864113
,-3.383572,3.1466742,16.7367801
,-4.716422,1.4620669,21.8217096
,-2.0435436,9.093051,28.385457
,-5.266791,17.506516,45.296139
,-8.468502,43.024487,59.998165
3004327,-16.841288,78.348595,95.40124
,-78.279205,78.348595,42.257145
,-78.40124,67.61162,44.42512
,0.5695121,-26.362669,-40.453724
,31.880714,-20.610117,1.692567
,27.197794,-15.910446,25.368
,38.37746,9.4495945,25.487645
,55.32882,14.812101,4.956493
3004365,66.00119,20.681904,3.346066
,56.17591,18.224388,-11.616787
,34.713917,-5.857839,-14.708426
,22.333012,-14.627847,13.2048478
,11.66782,-5.5563326,23.633141
,6.5661397,6.0995226,11.558527
,5.1638956,11.658248,11.4125595
,-0.043072347,13.254318,9.634629
3004403,-7.1165085,12.799665,7.0574665
,-11.031306,13.510359,6.806211
,-7.159581,16.058805,5.351323
,-6.9729342,16.063593,0.967516
,-5.3577213,13.070064,1.553779
,-5.135181,9.444808,6.093125
,-4.407737,9.779816,9.8810983
,-3.3524642,12.857095,11.7499595
3004442,-2.3019776,15.336148,13.070845
,-2.4383733,15.628083,15.3512863
,-2.81406,14.965247,15.4158949
,-5.2691836,16.025305,15.8968694
,-6.58289,16.810179,18.5601761
,-5.790838,16.807787,20.1347096
,-1.9454343,15.465365,26.284483
,-0.10050214,11.933433,35.839365
3004480,1.6152129,9.968855,38.780249
,-0.35893622,9.731957,33.783857
,-5.57069,3.5869691,31.989177
,-14.338305,5.7381935,33.781464
,-17.360548,-8.868117,35.296175
,-14.5895605,-9.4137,26.95689
,-11.316062,-9.959284,20.6396132
,-8.021028,-12.278011,20.2328188
3004518,-3.988978,-9.712814,17.27518442
,0.31107804,-8.600112,16.0165148
,1.8951832,-7.853524,15.0521728
,0.93084127,-6.8891826,17.24646953
,1.0265576,-6.4536734,15.5642551
,1.2825987,-6.24549,16.60517016
,2.2301903,-2.5819478,19.2038684
,3.1658175,1.3878866,18.9956853
3004557,3.8908687,3.3740003,17.7944455
,4.692493,4.5154176,17.86862564
,4.936569,4.16366,17.7705164
,5.2883267,4.8647823,20.1107805
,6.6163907,5.9511623,20.2734983
,6.956184,11.440494,25.502003
,8.949476,21.440456,28.880789
,7.70995,43.658607,37.650797
3004595,5.436687,75.5489,73.343414
,27.209759,56.400845,68.744244
,78.32227,29.382519,39.682375
,50.3755,-2.9863493,-29.79571
,4.393379,-6.692964,-9.367455
,-19.621847,10.327791,11.3048787
,-20.229645,16.71207,17.15075321
,-30.083641,15.206931,9.919385
3004633,-51.12209,14.771421,7.52887
,-52.71337,16.922646,-2.399305
,-40.421005,12.806844,-8.439007
,-24.417234,2.2780485,-2.052334
,-16.623533,2.471874,5.731796
,-12.866667,11.002591,5.042638
,-11.261025,17.618982,3.839005
,-8.190925,19.590738,1.438919
3004672,-5.9487696,20.136322,0.800013
,-2.1440456,21.34474,7.4092245
,0.6819788,20.940338,8.287421
,4.189982,18.96619,8.933507
,9.181588,14.213874,8.9359
,10.973877,15.65919,10.13714
,8.303391,25.998947,24.420408
,5.1758604,24.012833,36.660133
3004710,2.9552414,12.5077305,39.22533
,2.81406,20.322968,32.893696
,3.3452854,-12.479015,37.638832
,6.1856675,-15.800372,37.55508
,8.600112,-6.2622404,30.60129
,11.012163,-5.7860518,24.585519
,13.854938,-9.530953,27.086107
,15.491687,-7.887025,28.270597
3004749,12.263654,-3.383572,28.933433
,8.116744,-2.4024796,29.94324
,4.886318,-3.0796728,28.383064
,0.86862564,-0.8805902,24.968384
,0.54079723,-7.1236873,25.449359
,0.80641,-11.418958,23.645106
,1.14381,-12.828381,20.4505734
,1.2108115,-10.337363,18.6558924
3004788,-0.40200856,-6.568533,17.5049036
,-2.1033661,-4.773852,17.00239291
,-3.697043,-2.6202343,15.8250822
,-5.254826,1.5314612,14.6405926
,-5.5084743,5.534796,14.2577274
,-5.128002,9.346699,15.7939743
,-5.5874405,11.619962,16.1457318
,-5.0657864,11.818573,16.57406235
3004826,-4.2617693,10.452223,17.16750357
,-4.2976627,8.791544,16.96889219
,-3.1945324,7.8272023,16.28212756
,-3.5989337,7.6190195,18.0911661
,-3.2304258,7.374943,18.7731448
,-2.7877378,10.320613,20.3979294
,-3.955477,17.853487,28.615176
,-7.942062,24.44595,34.305511
3004864,-12.414407,40.36836,48.524172
,-22.110472,62.959805,69.62244
,-37.463367,57.00625,34.138008
,-62.29697,14.158837,5.46379
,-1.9334698,6.3794928,-19.317165
,24.343054,19.973604,3.334102
,20.490473,24.522522,21.493881
,26.56128,22.581873,20.7975452
3004903,46.479847,21.670176,6.4137745
,48.2506,14.084657,7.315901
,39.23412,8.095208,4.576021
,28.090347,4.393379,4.147691
,15.187788,4.8264956,9.345087
,7.142831,7.8630958,9.184762
,4.323985,10.734586,11.8313184
,3.0653152,13.60129,10.7904034
3004941,1.1629534,16.633104,8.3951025
,-0.6867646,18.566574,5.308251
,-2.6896286,19.181551,3.690645
,-4.5895977,19.301197,3.879685
,-6.2359185,18.647932,5.107246
,-6.5254602,16.353134,5.219713
,-6.144988,14.182766,4.647808
,-6.197632,13.371571,4.681309
3004979,-5.0849295,12.77095,5.454219
,-4.3024487,13.225603,8.892827
,-2.134474,18.080814,19.2780485
,-2.471874,19.14805,32.374434
,-3.3189635,12.191867,38.3926
,-3.381179,11.21556,30.591718
,-1.7061435,1.1820966,34.365334
,0.54079723,1.4501023,33.812572
3005018,-1.2562767,-0.18425392,30.89801
,-6.1856675,-1.6989647,27.693906
,-8.7053995,-4.5537043,26.045193
,-11.1796665,-7.106937,26.2485895
,-13.156209,-6.257455,25.7053995
,-12.981526,-10.509652,29.936061
,-11.6726055,-9.303627,29.974348
,-9.210303,-5.3816504,27.538367
3005056,-6.4943523,-5.6687994,21.9892135
,-4.544132,-7.1284733,21.2545905
,-2.6250203,-7.3557997,21.450809
,0.35415038,-8.365606,21.182803
,2.5221252,-8.85376,21.929391
,4.6781354,-7.3557997,20.5869691
,5.879375,-4.216304,16.97367801
,6.695357,-0.36372203,15.4470026
3005094,7.4132295,1.3160994,16.4089517
,7.5879116,0.51926106,18.040915
,6.3172774,0.89494765,19.029186
,5.623334,3.9913707,18.8425392
,5.312256,6.0851655,18.7922882
,5.75973,7.2816195,18.5194967
,4.2091255,7.7434506,19.1057591
,4.187589,8.193317,18.2730271
3005133,3.3644288,8.265104,18.0552725
,4.6589923,8.777187,19.6010911
,5.2739697,9.183981,19.7877378
,5.8506603,11.162916,20.8621538
,6.3388133,15.013105,25.109566
,8.509181,20.897266,22.386436
,11.646284,32.83788,30.510359
,16.812572,50.6124,46.820421
3005171,24.950853,53.751896,59.9192
,42.620087,20.724977,23.4417086
,30.267895,0.69155043,6.085946
,0.96434194,11.648677,8.921542
,-19.301197,20.61969,13.2120266
,-24.728312,22.577087,9.7494884
,-31.083876,26.441635,1.146984
,-38.769897,20.921196,4.300837
3005209,-30.442577,11.287348,4.420482
,-21.780249,8.904011,1.31688
,-16.788643,11.545781,5.738975
,-11.806608,14.993962,8.8377905
,-7.731486,17.252867,11.340772
,-5.029893,17.752985,12.3481865
,-3.5343254,16.963326,11.553741
,-2.0531151,17.133223,11.2115555
3005248,-0.95955616,17.52566,9.8236685
,0.13400285,17.583088,8.225206
,0.7154795,17.080578,8.67268
,0.90451926,17.047077,9.725559
,0.6484781,17.080578,9.603521
,1.2634555,16.281347,8.959828
,1.5027462,15.343327,9.2110844
,0.7944455,14.352663,10.070138
3005287,-0.6125845,12.92649,11.888748
,-1.5171037,11.086343,15.1598537
,-2.134474,9.681706,18.0457008
,-2.237369,7.970777,18.7540016
,-2.8403819,6.1737027,21.580026
,-2.6680925,8.025814,25.710185
,-3.0653152,4.532168,29.5579815
,-2.4048727,0.67240715,30.754436
3005325,0.82076746,-0.055036888,27.354114
,4.2904844,-2.3330853,26.126552
,7.9300976,-5.4773664,24.8487387
,13.29739,-6.8341455,24.977956
,15.293076,-7.3079414,24.0207925
,15.269147,-4.685314,24.729093
,14.240196,-4.3024487,24.9492407
,12.316298,-4.170839,23.944219
3005364,8.315355,-0.84230363,22.946377
,5.8698034,-4.505846,20.9124048
,2.8451676,-6.1234517,21.6207056
,0.7872668,-6.7838945,21.027264
,0.07896597,-7.9277043,21.4412374
,-0.7059079,-6.9633627,21.3048415
,-2.9241338,-5.2428617,20.8334389
,-4.8049593,-3.9315479,21.1110163
3005402,-5.9990206,-2.627413,20.6635423
,-6.0684147,-0.5049036,18.639142
,-6.389065,2.395301,17.10768087
,-6.2311325,3.6420062,17.6867646
,-5.654442,4.084694,17.5527618
,-5.005964,5.5898333,15.9973716
,-4.5895977,5.6329055,15.9973716
,-4.1038375,4.6589923,16.3204141
3005440,-3.6372204,3.5606472,16.7008865
,-3.2423904,3.0102785,17.22014755
,-3.4768956,2.318728,17.17946811
,-4.0775156,3.0868514,17.06939434
,-6.1737027,3.9770133,17.81358874
,-5.2883267,5.3218274,18.0744157
,-4.3359494,9.818102,20.2998202
,-5.984663,16.073164,28.718071
3005479,-8.944691,23.290174,35.927902
,-11.148559,43.70168,52.53947
,-22.15115,76.70706,80.84518
,-42.481297,59.143116,38.280132
,-67.65469,33.77829,21.635063
,-6.5158887,-10.519224,-9.542137
,22.498121,11.998041,-2.483057
,18.643147,18.767578,15.9925857
3005517,19.67449,13.187317,16.97846383
,29.70556,14.737921,17.80641
,37.59737,15.187788,14.31755
,36.62346,14.254554,13.8533258
,31.344704,10.023892,9.471911
,23.881224,9.229446,10.986622
,14.912603,12.122473,14.0926166
,8.147852,15.391185,17.10528795
3005555,4.3790216,17.346191,16.088302
,0.60301286,19.547667,13.9610066
,-1.8066456,22.141579,12.9081273
,-3.2160685,23.225567,12.2500772
,-5.2978983,21.06477,11.2259126
,-7.674056,18.731684,10.9244065
,-7.6764493,16.953754,11.608778
,-5.592226,15.39597,11.65185
3005594,-3.0557437,14.72117,11.659029
,-1.483603,14.285662,11.1325893
,-0.44747382,13.1514225,9.8475976
,0.27279153,12.299547,9.36423
,0.55754757,12.02197,10.156283
,0.8805902,12.086578,11.0273013
,0.56711924,12.402443,11.496311
,0.27757734,12.445515,11.737995
3005632,-0.2392908,12.636948,13.4752464
,-0.4139731,13.589325,17.9212696
,-0.45704544,14.386164,22.2955055
,-0.7130866,10.894911,27.468973
,-0.95955616,8.114351,29.373728
,-1.5290682,6.092344,28.170095
,-2.5173392,4.225876,27.198574
,-3.6108983,0.8925547,27.366077
3005670,-4.4101295,-3.462538,27.189003
,-4.936569,-4.560883,24.8200235
,-5.6687994,-6.4369226,23.8963614
,-6.4417086,-8.303391,23.2095966
,-6.322063,-10.95234,23.140202
,-6.9705415,-10.370864,20.9913707
,-6.953791,-8.695828,20.5606472
,-5.6448703,-5.467795,20.9937637
3005709,-4.687707,-3.6252558,21.0966587
,-3.5486827,-6.1043086,21.788209
,-2.8164527,-6.6498914,19.0961876
,-0.7944455,-6.968148,18.9358627
,0.5551547,-3.8860826,18.1605604
,1.9143264,-2.4264088,18.5912839
,3.0868514,-2.1440456,18.6606783
,4.0559793,-2.0866158,18.9908996
3005748,4.505846,-1.5194967,19.4479449
,4.529775,0.3230426,19.5986981
,4.661385,2.1033661,18.8257889
,4.50106,3.7688303,18.8688612
,4.453202,5.599405,19.7422726
,5.9200544,5.831517,20.441002
,5.5371895,7.0351496,20.874118
,5.8458743,9.160052,21.2856984
3005786,6.345992,12.036327,24.6884136
,8.056922,14.812101,25.296212
,9.786994,22.220545,22.2189326
,14.785779,37.846233,33.623533
,24.374163,53.644215,50.94819
,31.232237,48.085487,54.75052
,44.218548,15.714228,35.288996
,37.6883,1.196454,24.3821216
3005825,7.5950904,-1.7731448,7.390081
,-14.02962,8.588147,16.56449074
,-20.997768,18.779543,13.013415
,-22.572302,30.985767,17.3613291
,-37.3174,33.601215,-0.475409
,-44.823956,21.36867,4.13094
,-24.515343,10.638869,6.471205
,-15.39597,9.313198,7.73466
3005863,-11.825752,14.946104,11.6614223
,-8.619255,17.116472,15.0713161
,-5.3313994,16.948969,16.02847934
,-2.761416,15.898481,17.7489802
,-0.4785816,16.721642,17.30629224
,2.2469406,18.492393,14.8200607
,4.7499228,20.557474,12.063431
,5.747765,21.184416,12.3457937
3005901,6.1497736,20.957088,12.824375
,6.944219,20.689083,11.6733866
,6.369921,20.27511,10.649222
,4.381415,18.336855,10.8765483
,2.2852273,16.71207,11.5130615
,0.42115182,14.914996,11.7308164
,-1.3113136,13.598897,12.3338294
,-3.3237493,13.0102415,12.307507
3005940,-5.34815,12.849916,12.2763996
,-7.4275866,13.326105,12.4462957
,-9.0069065,13.335677,12.6329427
,-10.059786,12.256475,10.8574047
,-10.105251,10.827909,9.761453
,-9.114587,9.70085,9.8260617
,-7.8463454,9.2485895,10.3525014
,-6.30292,8.825045,11.7236376
3005978,-4.4173083,9.128944,11.864819
,-3.2423904,5.8554463,14.2122622
,-1.2969562,5.2739697,15.4996467
,0.46901,3.1418884,15.7867956
,2.010043,0.33022133,19.2469406
,3.9674416,-1.1150951,22.9296265
,6.484781,-2.4551237,25.334499
,9.054764,-2.2325833,26.102622
3006016,11.804215,-2.7925239,26.54531
,13.950654,-4.6972785,26.80853
,15.637654,-5.3816504,24.8008804
,15.300254,-4.268948,22.173467
,12.481409,-2.3306925,21.5489182
,9.045193,-1.8162172,22.6903353
,5.415151,-1.1677392,24.418015
,2.6968074,-0.31347096,24.8630958
3006055,0.93084127,-2.0483294,24.992313
,-0.24646953,-3.4768956,24.410836
,-2.732701,-2.3067634,22.0370717
,-4.108623,-3.0054924,22.056215
,-5.3505425,-5.412758,22.9679127
,-6.1234517,-5.3242207,22.0633936
,-6.4728165,-4.0607653,19.8020954
,-6.3603497,-2.7566302,18.3256711
3006093,-5.996628,-1.3663505,17.30629224
,-5.7142644,-0.15793194,16.46159565
,-5.1902175,1.2060257,15.9088339
,-4.3598785,2.4766598,15.5762197
,-3.0581365,3.3452854,15.0952451
,-2.5986981,4.63267,15.722187
,-2.1536174,5.278755,16.16008925
,-2.160796,6.9729342,16.22469777
3006131,-2.0722585,10.555118,18.9573988
,-2.8738825,15.1327505,25.207675
,-3.9530842,18.260283,30.019813
,-3.6372204,24.163586,31.386164
,-6.5206747,39.31548,35.272245
,-17.15715,51.5911,52.240356
,-26.05159,50.138603,27.669977
,-31.653389,19.952068,13.7408593
3006169,-17.482586,11.7755,12.4008307
,-0.7968384,7.099758,16.06198
,7.9803486,7.609448,9.165619
,11.361527,7.6884136,9.613093
,16.015734,8.018635,18.222776
,19.334698,9.753493,19.8403819
,20.746513,11.5314245,16.98564255
,23.177708,13.330891,13.1426322
3006208,21.177237,15.065749,14.6788793
,15.317005,17.511301,13.123489
,9.617098,18.825008,11.4388814
,5.7405863,18.210032,13.5518193
,2.4264088,17.750591,15.0234579
,-0.31107804,17.879808,13.977757
,-3.6802926,18.614431,12.6377287
,-6.501531,19.18873,11.7523527
3006247,-7.7937016,19.006868,12.1447897
,-6.826967,17.875023,13.015808
,-4.2521977,16.125807,12.6879797
,-1.5793194,15.592189,11.324022
,0.4785816,15.931982,10.304643
,1.4429235,16.097094,10.6587934
,2.1392598,15.742943,11.5489554
,2.8236315,15.503652,11.7619243
3006285,3.383572,15.740549,11.4364886
,3.6802926,15.742943,11.084731
,4.0033355,15.601761,10.799975
,4.192375,15.075321,10.9435496
,3.9746203,13.85733,11.9605355
,3.5175748,13.036563,12.678408
,2.811667,13.440965,13.2072406
,2.4599094,11.1007,14.3582294
3006324,2.1177237,7.3294773,17.9404129
,2.010043,7.0734363,20.0078855
,2.031579,6.664249,20.3189635
,1.4620669,5.0657864,21.5393467
,0.8829831,2.1584032,22.8745894
,-0.7226582,-0.9786994,23.590069
,-2.6250203,-3.75208,24.1835103
,-5.206968,-3.1442811,22.329006
3006362,-6.2407045,-4.5202036,21.2856984
,-6.690571,-6.1856675,20.6778998
,-7.3222985,-6.0803795,17.90691215
,-6.412994,-4.008121,17.13878867
,-4.788209,-1.7898953,19.526911
,-3.5582542,-1.354386,22.6927285
,-2.8451676,-1.1462029,24.2481184
,-1.3232782,-0.5240469,23.4536734
3006400,-0.5814767,-1.9478272,23.276598
,0.42593765,-1.5936768,21.814531
,0.45465255,-0.8614469,21.4603806
,1.0863802,-0.677193,21.218697
,1.2802058,-1.770752,21.680528
,1.586498,-1.8545038,21.448416
,1.8018597,-1.7563945,21.039229
,1.7731448,-1.8138243,20.8334389
3006439,1.9741492,-1.742037,20.5558615
,1.8592896,-1.509925,19.7183435
,1.6726427,-0.84948236,19.2254045
,1.5577831,-0.37568656,19.0770442
,1.3304569,0.34218585,19.2421548
,1.586498,1.3304569,19.4288018
,2.3306925,2.1799393,18.4381378
,2.9217408,3.7927594,18.2658484
3006477,3.4170728,6.1354165,20.2447834
,4.974856,8.085636,23.6762137
,6.5230675,7.786523,23.6594634
,6.070808,14.764243,19.471874
,5.441473,32.852234,22.072965
,10.949947,49.521233,35.470858
,22.69434,50.3755,46.215015
,33.68736,34.694775,26.588383
3006515,29.722311,15.118393,26.231839
,14.099014,2.5053747,18.7109293
,0.57429796,3.8310459,19.0172215
,-7.7434506,15.319398,16.0236935
,-11.55296,18.1191,9.756667
,-16.554138,17.796057,12.594656
,-22.050648,16.69532,16.1840183
,-23.56536,14.615883,14.3989089
3006554,-19.870708,12.019577,10.9435496
,-14.568025,11.208382,11.087124
,-9.609919,11.66782,12.1160746
,-5.1423593,13.735292,13.8509328
,-2.7446656,15.93916,14.9564564
,-0.6556568,17.985098,16.1002666
,1.4596739,19.033192,16.60995597
,4.0990515,18.643147,16.2869134
3006592,5.6113696,18.813044,15.8346537
,6.535032,20.815908,14.2505486
,5.384043,21.124592,13.0804164
,3.3261423,20.03582,13.145025
,1.354386,19.68167,13.1498108
,-0.598227,20.133928,12.2500772
,-2.3211207,20.397148,11.8313184
,-3.3644288,20.557474,12.0466805
3006630,-3.6061125,20.53833,12.44151
,-3.8095098,20.289467,12.1950407
,-3.594148,20.076498,12.1112885
,-3.4242516,20.038212,12.175897
,-2.885847,19.621847,12.2787924
,-2.450338,18.937475,12.417581
,-2.998314,17.942024,12.7525883
,-3.6348274,16.204773,13.200062
3006669,-4.7451367,13.883653,13.5326762
,-5.49651,11.639105,14.2720847
,-6.1114874,10.057393,15.3728225
,-6.1832747,8.767615,16.80138862
,-6.0851655,7.288798,17.4737958
,-5.8195524,5.5946193,16.91624822
,-4.742744,3.6061125,17.8997334
,-2.9863493,2.1799393,17.13878867
3006708,-1.586498,-0.4737958,16.4759531
,0.23211208,-1.1844895,14.4898393
,1.4668527,-2.2541194,14.2960138
,2.9552414,-2.0626867,14.8080962
,3.878904,-2.3235137,14.8080962
,4.924605,-0.89494765,14.1476536
,5.7358007,0.0598227,14.5616267
,6.195239,1.5697477,15.202926
3006746,6.1114874,2.7446656,15.7341516
,5.592226,4.7331724,15.5140041
,4.44363,4.5489182,17.23211208
,3.6420062,4.9963923,18.3998512
,2.94567,5.2021823,18.8616825
,2.371372,5.061001,19.112938
,2.1560102,4.0416217,19.4407663
,1.7898953,3.3141778,19.3594074
3006785,1.5482116,2.3115492,19.340264
,1.457281,1.1988469,19.1966896
,1.222776,0.48815325,18.715715
,1.0576653,0.016750356,17.9571632
,0.9188767,-0.17707519,17.40679437
,0.46661708,-0.6101916,17.5264398
,-0.023929082,-1.0122001,17.79205257
,-0.7394086,-0.67001426,17.64369226
3006823,-1.5697477,-0.2680057,17.5886554
,-1.9167194,-0.0598227,17.40679437
,-2.1703677,0.004785816,16.99042837
,-2.010043,0.6867646,16.17923254
,-1.5506045,2.2182257,16.15051764
,-2.5508401,3.62047,17.63412064
,-3.7951522,4.635063,19.4910173
,-4.23784,7.0136137,21.1110163
3006861,-4.276127,9.712814,24.236154
,-4.91264,10.555118,27.30147
,-6.8150024,14.390949,28.579282
,-9.0475855,24.331089,29.380906
,-13.909975,31.414097,34.23133
,-20.837444,36.75746,37.126749
,-25.59933,32.31144,30.584539
,-26.362669,19.396914,20.1299238
3006900,-12.916918,10.835088,13.5039613
,-2.1799393,9.976034,14.999529
,4.479524,10.890124,17.5695121
,7.7386646,10.059786,19.9025974
,10.933197,9.349092,23.2622404
,13.852545,9.466345,23.1617384
,15.479722,13.180138,19.6393776
,16.298098,13.804687,20.4960387
3006938,14.192338,14.888674,20.9530842
,10.069357,19.530916,17.4402951
,4.785816,20.385183,16.0141219
,0.16989647,18.894402,17.03828653
,-3.5486827,17.267225,18.3184924
,-6.197632,17.422764,17.41875893
,-8.229211,17.863058,16.3347716
,-8.896832,18.159779,15.9710495
3006976,-8.583362,16.470387,16.67935032
,-7.985134,14.532131,17.47140288
,-6.355564,14.544095,17.2656128
,-3.7305436,15.448615,16.5501333
,-2.0555081,15.187788,16.75831628
,-0.63412064,14.850388,16.75353047
,0.6484781,14.824065,16.20794743
,1.7013576,14.472308,15.8179034
3007015,2.2995846,13.902796,15.7844027
,2.5651975,13.003062,15.9758353
,2.5819478,11.849681,16.114624
,2.371372,10.59819,16.30844957
,1.9454343,9.679314,16.3874155
,1.6439278,9.0978365,16.428095
,1.3926725,8.652756,16.17923254
,0.8279462,8.255533,15.9997644
3007053,0.5072965,7.8272023,15.7389374
,-0.011964541,7.602269,15.566648
,-0.22732627,7.444337,15.6025417
,-0.9093051,7.2146177,15.5331473
,-1.1294526,6.9418263,15.6121134
,-1.1485959,6.5206747,15.7317587
,-1.3065279,6.0038066,15.985407
,-1.2706342,5.3744717,16.2390552
3007091,-1.2467052,4.819317,16.53577584
,-1.251491,4.1995535,16.88753332
,-1.0911661,3.5032175,17.16032484
,-1.2610626,3.0605295,17.571905
,-1.3639576,2.6250203,17.8351249
,-1.4118158,2.0770442,18.0457008
,-1.5529974,1.7276796,18.1485959
,-1.7540016,1.9406484,18.0528796
3007130,-1.849718,1.9621847,18.1629534
,-2.000471,1.8927903,18.2347406
,-2.2230117,2.132081,18.1629534
,-2.2565124,2.471874,18.0289505
,-2.371372,2.658521,18.0241647
,-2.474267,2.500589,18.1581675
,-2.6537352,2.5125535,17.99066395
,-2.5412683,2.833203,17.7059079
3007168,-2.555626,3.4051082,17.40200856
,-2.711165,3.8142955,17.27039862
,-2.8547394,4.29527,17.0287149
,-2.938491,4.7834234,16.92342694
,-2.9552414,5.2141466,16.77985245
,-2.9504557,5.5635114,16.69131485
,-2.916955,6.219168,16.28212756
,-2.8906329,6.7312503,15.9184055
3007207,-2.7949166,7.085401,15.695865
,-2.524518,7.348621,15.4422169
,-2.165582,7.6692705,15.279499
,-1.7276796,7.939669,15.1096026
,-1.1485959,8.164602,14.736309
,-0.51208234,8.511574,14.5664124
,0.14118157,8.777187,14.5520551
,0.7609448,9.004513,14.6645217
3007246,1.301742,9.418487,14.4802678
,1.8449322,10.138752,13.9969003
,2.390515,10.782444,13.6618931
,2.6369848,11.390243,13.690608
,2.9025974,11.792251,13.846147
,3.2088897,12.278011,13.5494266
,3.1371026,13.038957,13.073238
,2.811667,12.615412,13.5924988
3007284,2.5508401,12.77813,13.795896
,1.74443,13.306962,13.5015683
,1.1246668,13.455322,13.2622776
,0.6125845,13.299783,13.223991
,0.1172525,12.974348,13.094774
,-0.21057591,12.77095,13.063666
,-0.36611494,12.6584835,12.9033413
,-0.5623334,12.656091,12.731052
3007322,-0.96194905,12.045899,12.83634
,-1.4213874,11.555353,12.9200916
,-1.7659662,11.280169,13.4249954
,-1.902362,11.036092,13.8509328
,-2.1560102,11.545781,13.7863245
,-2.1488314,12.316298,14.3007996
,-2.031579,13.0006695,15.1526749
,-1.2730271,13.541467,15.9184055
3007361,-0.39722276,13.720935,17.3804724
,0.15793194,13.570182,19.031579
,0.4402951,14.082264,20.098816
,1.2299547,14.759458,20.5175748
,2.4024796,14.917389,20.723365
,3.2830698,14.943711,20.9985495
,4.4723454,15.355291,20.9195836
,4.4986672,15.867373,21.2067323
3007399,3.3955367,14.792958,23.070808
,1.0193789,13.275854,24.410836
,-1.354386,11.909504,22.7070856
,-3.8980472,10.86141,22.161503
,-4.5728474,10.55751,20.6037195
,-5.080144,10.478544,19.2995846
,-5.6424775,9.212696,20.383572
,-5.340971,7.6070547,20.720972
3007437,-4.8001738,6.3292418,20.5486827
,-4.3790216,5.652049,20.8645465
,-4.020086,4.97007,20.8717253
,-3.5534685,5.003571,20.1945324
,-3.1634245,5.355328,19.5939124
,-2.7279153,5.7812657,18.978935
,-2.4623024,6.121059,18.7276796
,-2.342657,6.432137,18.4261732
